aggregator,block_size,image_size,scoring,pearson,spearman,kendall,r2_linear,r2_isotonic
max,1,300,Manhattan,0.3979494148424395,0.2551404471655934,0.17427360571062608,0.15836373677344007,0.4705109597255078
max,1,300,Cosine,0.2856867543713614,0.20305665070472784,0.13800004886884853,0.08161692162324263,0.45043175707669614
max,1,300,Euclidean,0.43742912874000234,0.21095246968533868,0.14362347140507314,0.19134424267023753,0.4546257001400058
mean,2,150,Manhattan,0.396330992368906,0.2546944079309682,0.17404645456269305,0.15707825551212196,0.4706771400839721
mean,2,150,Cosine,0.2843151208221913,0.20294164073852514,0.13806399478024145,0.08083508792813743,0.45037745307465193
mean,2,150,Euclidean,0.43523022140573214,0.21093327434917183,0.14358052265861523,0.18942534562488278,0.4548826800063327
product,2,150,Manhattan,0.4269073033606587,0.28972678422237985,0.1983850319721065,0.18224984566266944,0.48599311478902274
product,2,150,Cosine,0.377619042154744,0.27138727254810663,0.18560253060963938,0.14259614099786655,0.47897033368202846
product,2,150,Euclidean,0.539594257673855,0.2749390607361461,0.18844382879197827,0.29116196291459895,0.4813051907157766
var,2,150,Manhattan,0.09892647140527,0.07998701120941201,0.05414691628439103,0.009786446744697863,0.42736106492839054
var,2,150,Cosine,0.6569531857438172,0.12891034911003435,0.08701797799011277,0.43158748825895066,0.438152459483824
var,2,150,Euclidean,0.13479071047547445,0.08560343622114411,0.05820061836052394,0.018168535630483373,0.4279423649347923
std,2,150,Manhattan,0.20463126964905837,0.1181632862123581,0.08015862514537382,0.04187395651818582,0.43495837218415856
std,2,150,Cosine,0.6422297983286844,0.10944937885536114,0.07352634510279583,0.41245911386130285,0.4373958953464614
std,2,150,Euclidean,0.24819921280981216,0.08951209240956592,0.060283814944934885,0.061602849239410395,0.42821324120236515
median,2,150,Manhattan,0.396330992368906,0.2546944079309682,0.17404645456269305,0.15707825551212196,0.4706771400839721
median,2,150,Cosine,0.2843151208221913,0.20294164073852514,0.13806399478024145,0.08083508792813743,0.45037745307465193
median,2,150,Euclidean,0.43523022140573214,0.21093327434917183,0.14358052265861523,0.18942534562488278,0.4548826800063327
max,2,150,Manhattan,0.38909469119400986,0.24754596914827598,0.1689892429796886,0.15139467871536194,0.46894331993867
max,2,150,Cosine,0.2784027543569108,0.19590624444189195,0.13322033059637517,0.07750809363351452,0.4473403755005676
max,2,150,Euclidean,0.4274701060810245,0.20400147810584565,0.13891342554352043,0.18273069159292243,0.4518424693680698
min,2,150,Manhattan,0.40412666070930264,0.26164825140597897,0.17896629376441717,0.16331835789605198,0.47240551232041283
min,2,150,Cosine,0.2911350276709969,0.2088276554258072,0.1420706356164721,0.08475960433699237,0.45192071933772704
min,2,150,Euclidean,0.4443783707764417,0.2166097887863954,0.14753180733274454,0.19747213641392491,0.4550346466915324
mean,3,100,Manhattan,0.394727068124352,0.2538649565073391,0.1734852576089761,0.1558094583100469,0.4706991857517201
mean,3,100,Cosine,0.2829135989030986,0.20316020605436635,0.13822624560019361,0.08004010444430365,0.4507691847220441
mean,3,100,Euclidean,0.4329891035493549,0.21078035670097892,0.14358781540339283,0.1874795637924742,0.4549402215616615
product,3,100,Manhattan,0.3697332614706783,0.15429691286401329,0.10429864473160685,0.13670268463774515,0.4495476968608172
product,3,100,Cosine,0.4377379298133761,0.13457505269833517,0.09115728273206901,0.19161449519730034,0.4433129816337874
product,3,100,Euclidean,0.43503982456276385,0.10756990042416786,0.0725242076854442,0.18925964895560055,0.4390032443004196
var,3,100,Manhattan,0.11224893014962185,0.08577583732734596,0.05789109255893435,0.012599822319734888,0.42747142829987905
var,3,100,Cosine,0.6595802307961349,0.13743180012259232,0.09302030391175511,0.43504608085708274,0.4435658582051165
var,3,100,Euclidean,0.14879851012380974,0.08450288285340292,0.05721753604899586,0.022140996615065855,0.4271929102244333
std,3,100,Manhattan,0.23061558255202377,0.12829009478971162,0.08735393262907255,0.0531835469158094,0.4369960291126177
std,3,100,Cosine,0.624125128554497,0.11645946589066218,0.07808941080980364,0.3895321760931675,0.4394387349988149
std,3,100,Euclidean,0.28305860257675874,0.09833878924869592,0.06630944755309905,0.0801221724927077,0.42864658455421056
median,3,100,Manhattan,0.39666183678928013,0.2547952416912234,0.17400991711062366,0.15734061276504552,0.4699570560863151
median,3,100,Cosine,0.2843304342121879,0.2025301867764506,0.13768795464458758,0.08084379581929135,0.4495092148745583
median,3,100,Euclidean,0.4354718455132051,0.2102993951888771,0.14314912636086005,0.1896357282346769,0.4544404504117855
max,3,100,Manhattan,0.3802691413948122,0.24027120294982893,0.1640361735928944,0.1446046198971478,0.46451513241098674
max,3,100,Cosine,0.2718901277131005,0.1892159674512038,0.128602863143854,0.07392424154784616,0.4452139970572718
max,3,100,Euclidean,0.4183729557018809,0.19780741602673077,0.1346147332313759,0.1750359300627281,0.44922039307168404
min,3,100,Manhattan,0.4078544197985179,0.26519873742311273,0.18128544343999572,0.1663452277491857,0.47276654532433793
min,3,100,Cosine,0.2950609161647798,0.21307785251965422,0.14505795953676795,0.08706094424799926,0.454962298757294
min,3,100,Euclidean,0.44908437297630566,0.22034937359342546,0.1502967521880471,0.20167677405152173,0.4573187953036085
mean,4,75,Manhattan,0.3937042886457051,0.2538113107967649,0.1734561892882223,0.1550030668980208,0.4699016897243554
mean,4,75,Cosine,0.2820331367636804,0.2037695226442922,0.13864428006571744,0.07954269023276106,0.45128859469212934
mean,4,75,Euclidean,0.431464161308095,0.21132477720368356,0.14390502429851956,0.18616132249329786,0.4548167710068135
product,4,75,Manhattan,0.46715261123331053,0.23928333718934583,0.16370916849856387,0.2182315621821007,0.46439825158498915
product,4,75,Cosine,0.4316750828065423,0.23488515279182262,0.16045365351705299,0.18634337711603544,0.4644122910084387
product,4,75,Euclidean,0.5987842207500749,0.2486532526545515,0.16974871666713642,0.35854254301927446,0.46780492126477435
var,4,75,Manhattan,0.11800768597200409,0.08193740991523243,0.055266446942061,0.013925813948467258,0.4276401975477325
var,4,75,Cosine,0.654788218882545,0.12362422342808359,0.08358971360618221,0.42874761158737584,0.4392075308157274
var,4,75,Euclidean,0.15399210826152152,0.07791552914312314,0.052428340981956575,0.023713569406828228,0.42743930458974033
std,4,75,Manhattan,0.2340058182456171,0.12508334907318702,0.08490394524779478,0.05475872297280093,0.43726911625469655
std,4,75,Cosine,0.613287903905754,0.11171119519052412,0.07511163105538733,0.3761220530771133,0.4406212858907216
std,4,75,Euclidean,0.2950996345201967,0.09540703669921233,0.06439197534629283,0.08708379429395374,0.4285197432395421
median,4,75,Manhattan,0.3952571780901522,0.2545005814728417,0.1739267997733219,0.15622823683179032,0.47033051798777437
median,4,75,Cosine,0.28311879344181556,0.20261723180401295,0.1378139376341975,0.08015625119994962,0.45098483922382526
median,4,75,Euclidean,0.4333136124102011,0.21017426752519702,0.14309472461534667,0.18776068669997803,0.4546829691288754
max,4,75,Manhattan,0.3727177861466039,0.2333395049541997,0.15925110535620188,0.1389185481100258,0.4621063723698273
max,4,75,Cosine,0.2662017985017526,0.1832751376843748,0.12461626505597038,0.0708633975255678,0.44346498372377186
max,4,75,Euclidean,0.410716389428949,0.1921142194377052,0.13075316371651424,0.16868795254555213,0.4486402701172897
min,4,75,Manhattan,0.4104728204950926,0.26824294703731083,0.18344902514296552,0.16848793636519666,0.4736656989856469
min,4,75,Cosine,0.29838984612924535,0.21624138306011878,0.147149086280975,0.08903650027303489,0.4554440101542073
min,4,75,Euclidean,0.4529006540195392,0.22301383175789238,0.1522070533041517,0.20511900241132652,0.45972505384139795
mean,5,60,Manhattan,0.3924641074129646,0.2532748234676237,0.17310400948324017,0.15402807560745513,0.47073732895129106
mean,5,60,Cosine,0.2811282335307962,0.20407076529958207,0.1388771577131782,0.07903308368814588,0.4508828884777303
mean,5,60,Euclidean,0.4298360479835565,0.21176863014952008,0.14424002452089138,0.18475902814612244,0.45504158115242543
product,5,60,Manhattan,0.4303106679995161,0.1713254265943182,0.11781413803362263,0.18516727099418995,0.4523865632776336
product,5,60,Cosine,0.6413597280421531,0.0694708077684159,0.04657075740921263,0.41134230075430456,0.43072884838414005
product,5,60,Euclidean,0.5292276556307138,0.12075865072998189,0.08235233288027066,0.28008191148438144,0.4460762797382395
var,5,60,Manhattan,0.12150476955972853,0.08111897724739942,0.05455826983379918,0.014763409025762897,0.427586467370478
var,5,60,Cosine,0.6558817427071002,0.13672892294541691,0.09263471961022172,0.43018086041650294,0.44493549198366567
var,5,60,Euclidean,0.15409346095930151,0.07327799021368861,0.04923398788249037,0.023744794710415906,0.42740531843880536
std,5,60,Manhattan,0.25048346527140547,0.13087528768404186,0.08887145500391931,0.06274196637437157,0.43863399034875983
std,5,60,Cosine,0.5986512988730777,0.12325235386599129,0.0828252259192311,0.35838337764242334,0.442772839287883
std,5,60,Euclidean,0.30782046639272875,0.09866909001084667,0.06646217671755326,0.09475343953023707,0.42857113184022766
median,5,60,Manhattan,0.39513127199533316,0.2547712566180691,0.17394829498574516,0.15612872210864992,0.4702238485207151
median,5,60,Cosine,0.28271504244391266,0.20213149152077048,0.13747702857864977,0.07992779522406346,0.44973664684623316
median,5,60,Euclidean,0.4330614376083535,0.21001680137090473,0.14305992254277314,0.18754220874341399,0.45394541222013496
max,5,60,Manhattan,0.3658383432147346,0.2269840420915057,0.15494417962124127,0.13383769336610196,0.4615094442029384
max,5,60,Cosine,0.26197648034318255,0.17907617448712917,0.12180455378785807,0.06863167625300204,0.44372783853818454
max,5,60,Euclidean,0.40410076182005505,0.18779441244551462,0.12786987120430537,0.163297425703549,0.44844633951996427
min,5,60,Manhattan,0.4120164684003035,0.2695644946374514,0.18419408162048473,0.16975757023305826,0.4760255378511431
min,5,60,Cosine,0.3003178644605601,0.21838443921038686,0.14879163722884375,0.09019081971415166,0.4571552644530579
min,5,60,Euclidean,0.4552566738489216,0.22489309776877323,0.1535007286738085,0.20725863908398345,0.46186696488153367
mean,6,50,Manhattan,0.39051410054577984,0.25140927642717315,0.17192955857061118,0.15250126272507958,0.47096199716911535
mean,6,50,Cosine,0.27962815356533177,0.20342753678611264,0.13841426566802054,0.07819190426635703,0.4517101103207095
mean,6,50,Euclidean,0.4276529091851354,0.2112881846020742,0.14395700200800507,0.18288701073450986,0.45611196399536647
product,6,50,Manhattan,0.46840042884295563,0.24191853532788785,0.16560463984224041,0.21939896174026485,0.46517480296060665
product,6,50,Cosine,0.42751218322213674,0.24095991754352553,0.16476666207801685,0.18276666680335796,0.46390437548747787
product,6,50,Euclidean,0.5981267424004213,0.2560190411923308,0.17534541553889835,0.3577555999745402,0.4675616629366094
var,6,50,Manhattan,0.12557739771605553,0.08626559674978658,0.0582795401102316,0.01576968281713642,0.4281133432168517
var,6,50,Cosine,0.6464559027608486,0.14101675913117057,0.09552755628831013,0.4179052342143439,0.44397773273477037
var,6,50,Euclidean,0.1575956943024695,0.07915106318270887,0.05300870155137115,0.02483640286267763,0.4285380534621752
std,6,50,Manhattan,0.25705738321311056,0.1382841761462358,0.09416846706706372,0.06607849826437207,0.4381109472581045
std,6,50,Cosine,0.5860679311994902,0.13052181088756742,0.08789413241785449,0.3434756199804505,0.44326113656809996
std,6,50,Euclidean,0.31442412955578153,0.10814782265447903,0.07317846605276279,0.09886253324691086,0.43054123376609554
median,6,50,Manhattan,0.3938080058003186,0.253276191390428,0.17306659906494704,0.1550847454324239,0.4701792579170131
median,6,50,Cosine,0.28218236138535757,0.20198032466867058,0.13738349575303027,0.07962688507701654,0.4497136823446365
median,6,50,Euclidean,0.43177075960704486,0.2096981441186455,0.14284943955224252,0.18642598885164463,0.45394641643491795
max,6,50,Manhattan,0.3572875483326212,0.21952028288280562,0.14980744561345385,0.12765439219353514,0.4590273612204838
max,6,50,Cosine,0.25582901659405594,0.1732618896299714,0.11772251404117906,0.06544848573148188,0.44212574560916285
max,6,50,Euclidean,0.3954450240285192,0.18220997638953118,0.1239300395292315,0.15637676702891612,0.4457839944936628
min,6,50,Manhattan,0.4126727943566585,0.27000361645347015,0.18472066486953223,0.17029883520213296,0.47730023063993543
min,6,50,Cosine,0.3017914262688417,0.21980403982756785,0.14987394563958353,0.09107806496938187,0.45928458330898647
min,6,50,Euclidean,0.45660972159450924,0.22575758080314337,0.15396743838531798,0.20849243785461535,0.46147331866934993
mean,7,43,Manhattan,0.3897775207262455,0.25168719145093704,0.17202977231234637,0.1519265156634989,0.47040368111126873
mean,7,43,Cosine,0.27840576774058884,0.20377181650128331,0.13864237123254153,0.07750977151122673,0.4516730787399861
mean,7,43,Euclidean,0.4257536784483179,0.21166688110748783,0.14432973968015908,0.1812661947122738,0.45563418019064306
product,7,43,Manhattan,0.4359502607716004,0.1779497139853183,0.12238579348992203,0.19005262986682647,0.4534936882897581
product,7,43,Cosine,0.5950994153921662,0.16252869737594436,0.11091370610271563,0.35414331420009815,0.44812990802940345
product,7,43,Euclidean,0.5427923817891862,0.13870107268307102,0.09482787842887686,0.2946235697283779,0.44793298430518635
var,7,43,Manhattan,0.13212487810732534,0.08432481352366751,0.05684218872877296,0.01745698341487556,0.428255295859445
var,7,43,Cosine,0.4635670940886605,0.09057833567288678,0.061063573297293255,0.21489445072180502,0.43227036728971313
var,7,43,Euclidean,0.16519726631790246,0.07847754797319138,0.0526975964052386,0.027290136798907905,0.42819480430280377
std,7,43,Manhattan,0.27195837138126605,0.1366717266970263,0.09307184240750463,0.07396135576435059,0.4397318686239191
std,7,43,Cosine,0.5733541840543863,0.1275891363778086,0.08566270643521817,0.3287350203726711,0.44274725722258157
std,7,43,Euclidean,0.3292996674593308,0.10560790957439296,0.07120272177271264,0.10843827098882575,0.4310154930623409
median,7,43,Manhattan,0.3928818450680895,0.25383513641467365,0.17346618622294957,0.15435614418410637,0.47018818023673314
median,7,43,Cosine,0.28094633947359404,0.20151562025544745,0.1369645068709185,0.07893084566361208,0.450234318689828
median,7,43,Euclidean,0.4304465159061919,0.20937041034878692,0.14254593507727317,0.18528420305577964,0.45325334413189466
max,7,43,Manhattan,0.3511691978731633,0.2142619947484287,0.14606458745912315,0.12331980553488109,0.4568204848875239
max,7,43,Cosine,0.25231718719101615,0.16868014847701904,0.11453094497106106,0.0636639629519864,0.442055008692708
max,7,43,Euclidean,0.389457538700194,0.1777925519521726,0.12099520852127313,0.15167717445041318,0.44486789150656336
min,7,43,Manhattan,0.41379070438941074,0.2691016607233119,0.18406107171377625,0.1712227470390848,0.47720582650389853
min,7,43,Cosine,0.3025152536688764,0.21991526395184247,0.1498873074718149,0.09151547870234467,0.458064057020638
min,7,43,Euclidean,0.458149879434485,0.22571922164190844,0.15385437672799765,0.2099013120258333,0.4607644609474172
mean,8,38,Manhattan,0.3886320052097781,0.25102514627316347,0.1716695210092886,0.15103483547337315,0.4705783025200808
mean,8,38,Cosine,0.27784844812907933,0.20444724213351154,0.13913675902510167,0.07719976012773777,0.45226870157966115
mean,8,38,Euclidean,0.4250816407141508,0.212458495765176,0.14484226138789033,0.18069440127223468,0.457296166431745
product,8,38,Manhattan,0.44645426449773545,0.19892923852293237,0.13648825299352949,0.19932141028821393,0.4541144368880651
product,8,38,Cosine,0.46415684636826476,0.16871192580039063,0.11548631597560297,0.2154415780305331,0.4480145974995716
product,8,38,Euclidean,0.5646967482127592,0.1622459557529696,0.11112463216865345,0.3188824174420646,0.44699536579846044
var,8,38,Manhattan,0.1371246802839288,0.08571898194442786,0.05758377041761317,0.018803177942969707,0.4281061432722473
var,8,38,Cosine,0.12823210791950485,0.07772256993071294,0.05200425104443443,0.0164434735014799,0.42825916067481506
var,8,38,Euclidean,0.16370429877411133,0.07800947038844439,0.05223426232646856,0.02679909743712361,0.42815089455940525
std,8,38,Manhattan,0.2774335778665341,0.1359893615187547,0.09250014687132022,0.07696939012782633,0.43827027220979875
std,8,38,Cosine,0.5677174465181161,0.14631009327967065,0.09888328501155617,0.32230309908105004,0.4416875301179819
std,8,38,Euclidean,0.33737555189630514,0.10609134305059971,0.0714483031782826,0.11382226301733644,0.4315284734726429
median,8,38,Manhattan,0.3922545979016601,0.2530610359532145,0.17299319139714908,0.1538636695749932,0.469635849832457
median,8,38,Cosine,0.2802560884843403,0.2019346116751318,0.13738826783597005,0.07854347513254267,0.4487682374473393
median,8,38,Euclidean,0.4293297874879792,0.20982701711155402,0.142921975212927,0.18432406642447352,0.45317078458621185
max,8,38,Manhattan,0.34364696131638445,0.2078277363600555,0.14152520241892538,0.11809323402198468,0.4545594685738882
max,8,38,Cosine,0.2465246243812728,0.16352987933919386,0.11093947535059037,0.06077439042632771,0.44166238815122205
max,8,38,Euclidean,0.3813936657405753,0.17243576862964724,0.1171746789196935,0.14546112826703383,0.4446562775376509
min,8,38,Manhattan,0.41291749625836993,0.26834112989766584,0.18355687911785432,0.17050085871628096,0.47653027145265014
min,8,38,Cosine,0.3038757075129278,0.22053057432582454,0.15045518534164748,0.09234044561648269,0.459588339771295
min,8,38,Euclidean,0.45979125767377665,0.22594742750443272,0.15409437579151586,0.21140800063323328,0.461700453279108
mean,9,34,Manhattan,0.38746200860244634,0.2504581171705059,0.17123569771116867,0.15012680811024226,0.47057893043131804
mean,9,34,Cosine,0.2763314095171735,0.20423456163653445,0.13905277036536173,0.07635904788574799,0.45280830647034087
mean,9,34,Euclidean,0.4228717661176375,0.21245450456577072,0.1448680306357651,0.1788205305794499,0.4566866340425956
product,9,34,Manhattan,0.4580438211632666,0.2533654984843135,0.17220633938111785,0.20980414210584675,0.466155665408574
product,9,34,Cosine,0.4420500401749059,0.21680930405299245,0.14741441409242623,0.19540823801863605,0.4516402481206254
product,9,34,Euclidean,0.5854054235271837,0.21493441543126574,0.1454836293349954,0.3426995098950415,0.4523534028271261
var,9,34,Manhattan,0.1409201969589927,0.08612699721650022,0.05802852854759971,0.01985850191096139,0.4283226234110068
var,9,34,Cosine,0.14969019533407998,0.07469791832146302,0.049873038803533276,0.022407154579155097,0.43059101979031655
var,9,34,Euclidean,0.16600685472824084,0.07297588410895132,0.048779271574578405,0.02755827581676329,0.43016892199432255
std,9,34,Manhattan,0.290706344030368,0.14184865668366167,0.09664613252939214,0.08451017845950282,0.4408455001174044
std,9,34,Cosine,0.5597931532421703,0.1510855012020866,0.10186583684891226,0.31336837441681187,0.44668780856021695
std,9,34,Euclidean,0.34578032221270266,0.10925421844164333,0.073824835303014,0.11956403122952064,0.4327542318736012
median,9,34,Manhattan,0.38983135051122075,0.2519226111270978,0.17227443878143034,0.15196848184140233,0.4695861285829551
median,9,34,Cosine,0.2778207050327917,0.19994314007686634,0.13594900762133552,0.0771843441449176,0.4488382853844304
median,9,34,Euclidean,0.42719135715361195,0.20829976943482326,0.14182395276648085,0.182492455626745,0.45274559217904475
max,9,34,Manhattan,0.33502524071756923,0.20234163428970867,0.1380227584594296,0.11224191191786537,0.4514896753415706
max,9,34,Cosine,0.24204634378369913,0.15959917587180603,0.10832246506642067,0.05858643253905693,0.4415130040772708
max,9,34,Euclidean,0.3718868524035841,0.16773577439903986,0.11392584485429827,0.13829983099064536,0.4437761253104705
min,9,34,Manhattan,0.41531318996107347,0.27156291956041684,0.18586235166916024,0.17248504575564272,0.4781259384728975
min,9,34,Cosine,0.30644250053416155,0.22446548273203282,0.15319340653248734,0.09390700613362979,0.46040539588528706
min,9,34,Euclidean,0.4619936586374599,0.2292989376695309,0.15651763950833092,0.2134381406212259,0.46077527028349463
mean,10,30,Manhattan,0.3866149664908219,0.25068078823890305,0.17127769204103865,0.14947113231469944,0.469832856189223
mean,10,30,Cosine,0.2762447107538447,0.20516734768543873,0.13960537756978705,0.07631114021947538,0.4527199142525725
mean,10,30,Euclidean,0.42180995782236225,0.2129680184000727,0.145160082111679,0.17792364051810305,0.45626166218238495
product,10,30,Manhattan,0.41224331845972206,0.25823509494082275,0.17657184085441918,0.16994455361468386,0.46734755071554845
product,10,30,Cosine,0.3841869164801851,0.24584945393168048,0.1681166643017352,0.14759958679455276,0.4605204100096083
product,10,30,Euclidean,0.5497621607858371,0.242678693969822,0.16557505292801383,0.3022384334319127,0.46166564257472564
var,10,30,Manhattan,0.1494734998103798,0.09143981448103328,0.06160568191925109,0.022342327145563612,0.4289258424502571
var,10,30,Cosine,0.6119250509189927,0.13548136230106192,0.09129090105438256,0.3744522679422121,0.4444613799938443
var,10,30,Euclidean,0.17777033609665227,0.09057149451440356,0.060625720032920355,0.03160229239591694,0.42961846521102354
std,10,30,Manhattan,0.2992190334057155,0.14090475199420197,0.09602576174722208,0.08953202995225096,0.4454636401123302
std,10,30,Cosine,0.5356512917150112,0.13649432507795686,0.09193131458489967,0.2869223063159603,0.44542682152512647
std,10,30,Euclidean,0.35835168893341607,0.11223015058641501,0.07599694887320248,0.12841593296143194,0.4318930052299764
median,10,30,Manhattan,0.39082275492404067,0.2512068894813315,0.17176422775264272,0.15274242576641694,0.4694788630101202
median,10,30,Cosine,0.2791125476094788,0.20022683724075574,0.13626205626218438,0.0779038142330537,0.44936724621928825
median,10,30,Euclidean,0.42710947388762116,0.20772481732033662,0.1414569457504177,0.18242250268456062,0.4522538365771833
max,10,30,Manhattan,0.3295435940871213,0.19892791184101632,0.1354609584656695,0.10859898040385763,0.4511405879452538
max,10,30,Cosine,0.2383275806067712,0.15677921747125878,0.1061502129122375,0.05680003567787728,0.440539232932599
max,10,30,Euclidean,0.36690218325074253,0.16516978289345263,0.11216309093868224,0.13461721207416155,0.4430834437337886
min,10,30,Manhattan,0.4131141340409535,0.27033082124881924,0.18488285238400182,0.17066328774440698,0.47673876193979103
min,10,30,Cosine,0.30547320036097375,0.22415206042255492,0.15305978821017377,0.09331387613877584,0.46189569678090225
min,10,30,Euclidean,0.4611119333541321,0.2291747781196723,0.15648041726140072,0.2126242150815857,0.4644920403821595
mean,11,28,Manhattan,0.38454194078225384,0.24845319535597363,0.1699109674870886,0.1478725042205825,0.47097690483707066
mean,11,28,Cosine,0.2746972052415658,0.2043797556594228,0.13919784168673072,0.07545855456752693,0.45443681503695965
mean,11,28,Euclidean,0.42040140157102357,0.2124172721584947,0.14490856922757958,0.1767373384428812,0.4574241158523291
product,11,28,Manhattan,0.4075059055000625,0.25737879686876114,0.17585889166321758,0.16606106301742596,0.47275086117479215
product,11,28,Cosine,0.3853337364069412,0.2521557033594277,0.1720307267289343,0.1484820884133342,0.46745853585044606
product,11,28,Euclidean,0.5538678115721711,0.25058440852655733,0.17082625299493642,0.30676955269574624,0.4686549155948754
var,11,28,Manhattan,0.14073294581156276,0.08674440866290284,0.05854009583874303,0.01980576203680051,0.42838178400793037
var,11,28,Cosine,0.18832364229445767,0.08273960257848487,0.055790421648847725,0.035465794247050986,0.42911062493266494
var,11,28,Euclidean,0.16934834168541166,0.07983476162412015,0.05369446196928263,0.028678860831599096,0.42815201365263744
std,11,28,Manhattan,0.30347920210425094,0.1430745451292157,0.09741348346610712,0.09209962610983302,0.44391266300248133
std,11,28,Cosine,0.5301624857219148,0.14884760412356265,0.10041035155228249,0.2810722612668395,0.4468053484471186
std,11,28,Euclidean,0.3510096224514775,0.11066508932031097,0.07479743169185549,0.12320775505352899,0.4312318196320878
median,11,28,Manhattan,0.39025773529188423,0.2509803150663163,0.17123752151278007,0.1523010999551505,0.46928783907126537
median,11,28,Cosine,0.2788876312212634,0.200317812698674,0.13615802485409742,0.07777831084820741,0.4506590763266204
median,11,28,Euclidean,0.42755566439905546,0.2086230943054867,0.1419862036251447,0.1828038461597179,0.4538553533324349
max,11,28,Manhattan,0.3215778915700761,0.1951440682494956,0.13298171877808135,0.10341234034665558,0.45049924053859125
max,11,28,Cosine,0.23414918995293152,0.15350610077687402,0.10402186392110022,0.05482584315561423,0.4404229636649373
max,11,28,Euclidean,0.35975958734938845,0.1620411837275371,0.11011682079766338,0.12942696068980242,0.44343597148090874
min,11,28,Manhattan,0.41418714871719126,0.2704184800198016,0.18484624712145045,0.17155099416247677,0.477648121819787
min,11,28,Cosine,0.30581814716855843,0.2251993570138651,0.15387676880946238,0.09352473913761006,0.4613611437044327
min,11,28,Euclidean,0.4611376816020877,0.23004770595642438,0.15713323820756123,0.21264796139334863,0.46432693258574287
mean,12,25,Manhattan,0.3836671604390483,0.24912536189837498,0.17031806679830025,0.14720048999936253,0.47018794738798786
mean,12,25,Cosine,0.2743070573226846,0.20559290146396333,0.1399422866253348,0.07524436169703075,0.45273655749975306
mean,12,25,Euclidean,0.41834063355075707,0.2132164786705917,0.14550213618204935,0.1750088856796489,0.4576684664002857
product,12,25,Manhattan,0.3968533869419707,0.26170653177716635,0.17889298199632314,0.15749261072731358,0.4731375872067899
product,12,25,Cosine,0.37431791799953146,0.26334358570643396,0.17993234166060498,0.14011390373550414,0.4683602365459404
product,12,25,Euclidean,0.5452586592731997,0.2584268625028689,0.17648976102785513,0.2973070055124074,0.4743704872306973
var,12,25,Manhattan,0.16019381847671957,0.09016483721647216,0.060773430654555254,0.025662059478152366,0.4289201621388764
var,12,25,Cosine,0.5941014231362264,0.14170781218802167,0.09551896653901853,0.35295650097248976,0.4477173921680011
var,12,25,Euclidean,0.18747281939466887,0.08090837134981552,0.054373490134528905,0.03514605801178616,0.4297391590117623
std,12,25,Manhattan,0.3188638634405058,0.15439449119347132,0.10534277647882848,0.10167416340820556,0.44896824063150786
std,12,25,Cosine,0.5186878363630791,0.14744421766665394,0.09928509439508479,0.26903707159101253,0.451308509967718
std,12,25,Euclidean,0.37734103377101075,0.12109686908018323,0.08192968994433035,0.14238625576737518,0.43465284812310967
median,12,25,Manhattan,0.3871642877019937,0.2518412186547604,0.17226745406622446,0.1498961856717922,0.46957560167274115
median,12,25,Cosine,0.2757396248086647,0.19914393068499298,0.13557964840179731,0.07603234068962339,0.44926244977966334
median,12,25,Euclidean,0.4225380934157009,0.20726346358676817,0.14137772917361752,0.17853844038737565,0.4536168819682217
max,12,25,Manhattan,0.3157282562597712,0.19141774896330996,0.13045040646741812,0.09968433180083569,0.4490718600938377
max,12,25,Cosine,0.23012419228167938,0.15092508069060248,0.1023392274765374,0.05295714387329542,0.43995722253644565
max,12,25,Euclidean,0.3531284358174024,0.15967161327718365,0.10840740814274857,0.12469969218284538,0.44180302505215074
min,12,25,Manhattan,0.4143656795831332,0.26897643588151854,0.1839216714693577,0.1716989164163919,0.47755310495052705
min,12,25,Cosine,0.3078715757592208,0.22523638073183477,0.15388917622510576,0.09478490716046573,0.46208887893199324
min,12,25,Euclidean,0.46176988790248086,0.2282373149494488,0.15592399239062357,0.21323142937346984,0.46369861237468757
mean,13,24,Manhattan,0.38203159241425716,0.24841171314556368,0.16981075374535343,0.1459481376025733,0.47053584970984186
mean,13,24,Cosine,0.2723596204818563,0.2054503058418079,0.13993083362627934,0.07417976286902095,0.45307930851601796
mean,13,24,Euclidean,0.41614069856254793,0.21309042263244699,0.14535764634538548,0.1731730810001254,0.4568907926985504
product,13,24,Manhattan,0.379360953921365,0.13765463533727226,0.0930250759946949,0.14391473336012828,0.4341738451327166
product,13,24,Cosine,0.5972658758867248,0.06070414665658745,0.04065432898048614,0.3567265264987367,0.4321829636521224
product,13,24,Euclidean,0.46470144907890265,0.07817518311191428,0.052674941982756074,0.21594743677603212,0.4296299443116459
var,13,24,Manhattan,0.15770011610303733,0.10162013132062393,0.06852806543168104,0.024869326618911614,0.4298921589808551
var,13,24,Cosine,0.5875115755375115,0.14826118279686873,0.09994364184077302,0.34516985139056944,0.4440796560256979
var,13,24,Euclidean,0.1856803764395779,0.0947361247368421,0.06376873954349013,0.034477202194743484,0.4314358537863805
std,13,24,Manhattan,0.325983728063155,0.15584005765711587,0.106160711494705,0.10626539096195331,0.44418688842303466
std,13,24,Cosine,0.5136280160850692,0.15578535713071953,0.10571690778130642,0.2638137389074843,0.45053517612776217
std,13,24,Euclidean,0.3776297116276282,0.12672816354687716,0.08598585360732211,0.1426041991039657,0.43388630963344654
median,13,24,Manhattan,0.38778707525996864,0.25231172326126833,0.1725520551733774,0.15037881573868062,0.47035146982849696
median,13,24,Cosine,0.27756378507692964,0.19964124223343466,0.13585929246206782,0.07704165478623215,0.44939232024000686
median,13,24,Euclidean,0.4249551808125924,0.20799857288008636,0.14168747116184008,0.18058690569946334,0.4527493190859413
max,13,24,Manhattan,0.3071957742658249,0.18525580820175702,0.12589515040111146,0.09436924372677968,0.4480064866814526
max,13,24,Cosine,0.22632669273920963,0.14828152785551038,0.1005325168755406,0.051223771846268695,0.43911201526543786
max,13,24,Euclidean,0.3446340258604412,0.15621703466789533,0.1059903734221613,0.11877261178077525,0.4407262206209305
min,13,24,Manhattan,0.4118461821062972,0.2648201267930754,0.1811884269675835,0.16961727771553337,0.4768425563002957
min,13,24,Cosine,0.3065076039957687,0.22441301948454706,0.15325448919411638,0.09394691130722699,0.4624780441751043
min,13,24,Euclidean,0.4606543784950559,0.22775842550340744,0.15550786675827563,0.21220245642666635,0.46548549648048954
mean,14,22,Manhattan,0.3808122041675203,0.24724540281573867,0.16904149397546256,0.14501793484292524,0.47078382047308454
mean,14,22,Cosine,0.27167345372063795,0.20483698408258033,0.13937345433891424,0.07380646545649971,0.45476471177392563
mean,14,22,Euclidean,0.4148687135622719,0.21300750990024375,0.14528701951787687,0.17211604949281445,0.45916396749119126
product,14,22,Manhattan,0.4134602842417442,0.26109223980863283,0.1787822696721205,0.17094940664526403,0.47398941742818956
product,14,22,Cosine,0.39327960280263025,0.25809131327446183,0.17672168425872795,0.15466884598059472,0.4685043377030751
product,14,22,Euclidean,0.5651028784759794,0.260955698739583,0.17852266836019703,0.31934126326183765,0.47256341500950083
var,14,22,Manhattan,0.1504952049335049,0.09775690664388176,0.06592059931339087,0.022648806707977864,0.43003870508992625
var,14,22,Cosine,0.13836880037033716,0.08785082725282421,0.05871857174069041,0.019145924915926482,0.4317632521063247
var,14,22,Euclidean,0.17031768900245595,0.08629860761501147,0.05771834315651468,0.029008115187137418,0.4313226889210573
std,14,22,Manhattan,0.3250815151222559,0.15953079881682095,0.10848185263660899,0.10567799147418155,0.44758892798280225
std,14,22,Cosine,0.5099565137946175,0.16639655935980094,0.11242645639462263,0.26005564596156017,0.44986728601028414
std,14,22,Euclidean,0.3675240435955787,0.12601504746663203,0.08519876849885955,0.13507392262084494,0.4341931700990731
median,14,22,Manhattan,0.3888117128877648,0.25201901064872834,0.17232436552523625,0.15117454807871766,0.4693757295815788
median,14,22,Cosine,0.2779781684274469,0.20038955929267396,0.13625632976265667,0.0772718621222781,0.4500433583567992
median,14,22,Euclidean,0.4251261874382944,0.20828905515002086,0.14195324237615375,0.18073227524581992,0.45393538618576823
max,14,22,Manhattan,0.29741835735712835,0.17934901222424024,0.12225919932813517,0.08845767929301263,0.44710164993088
max,14,22,Cosine,0.21821649364527435,0.1429105168919828,0.0969286398394265,0.047618438098838145,0.44049649506495603
max,14,22,Euclidean,0.33418205987011135,0.15126796905692028,0.102971553034198,0.11167764913903089,0.44200575164139533
min,14,22,Manhattan,0.412779715097161,0.26673759257886576,0.18236785440919992,0.17038709319569367,0.47905546280556155
min,14,22,Cosine,0.3058969675591606,0.2257475043168604,0.15418122770101966,0.09357295476189043,0.46213948178719644
min,14,22,Euclidean,0.4623258623385025,0.2291541767134314,0.15634011802297149,0.21374520298704014,0.4651202017835592
mean,15,20,Manhattan,0.3792615739205253,0.2451727626268372,0.16761941325941118,0.1438393414526743,0.4708232371366815
mean,15,20,Cosine,0.27117079273656836,0.20533552358491677,0.13992606154333959,0.07353359883337895,0.457453173789671
mean,15,20,Euclidean,0.41426410966620597,0.21300898651829467,0.14526315910317802,0.17161475255753444,0.46129322977407794
product,15,20,Manhattan,0.3804659868676422,0.2253935888656386,0.1536687059932884,0.14475436716316892,0.4622414754577796
product,15,20,Cosine,0.35996437419394567,0.18411338106231168,0.12468498305030307,0.12957435068883894,0.4513625921481591
product,15,20,Euclidean,0.49425189165297173,0.17375768195217817,0.11761657379991616,0.24428493240254112,0.4493482313361289
var,15,20,Manhattan,0.1523409677004897,0.09079328278555691,0.0612076902020743,0.023207770439921838,0.43007200670444234
var,15,20,Cosine,0.5761769604275175,0.15266993751651312,0.10369259019825611,0.33197988972749315,0.4499627540960688
var,15,20,Euclidean,0.17279173709168943,0.07924802466785116,0.053221467577489995,0.029856984407163556,0.4305681368767281
std,15,20,Manhattan,0.32559035051280466,0.15275322673742467,0.10359237645652095,0.10600907634705115,0.44655024190324544
std,15,20,Cosine,0.48651181180132974,0.15463276873164664,0.1045611092932942,0.2366937430222127,0.45036557666082255
std,15,20,Euclidean,0.3697506136734924,0.12100106626142132,0.08144478975716642,0.13671551631192436,0.43498667697052984
median,15,20,Manhattan,0.3825752861093409,0.2439579945366989,0.16656064348543514,0.14636384954164416,0.4694421921030115
median,15,20,Cosine,0.2731975476563872,0.19478704619073156,0.13234799383498527,0.0746369000454642,0.45008097411016057
median,15,20,Euclidean,0.42123032446340675,0.20250974881799777,0.13784257013183612,0.17743498624754694,0.4544674350884773
max,15,20,Manhattan,0.29271532555863883,0.17756401575619044,0.12085195818299474,0.08568226181690008,0.4491283923348266
max,15,20,Cosine,0.21723120332159504,0.14186965972442442,0.09629204397526124,0.04718939569654845,0.44303351059123
max,15,20,Euclidean,0.32862711876431816,0.15109042744234522,0.10258933357648073,0.10799578318733738,0.4448035703263531
min,15,20,Manhattan,0.4122484665558477,0.26774244612416204,0.18328454956477142,0.16994879817764796,0.47829790385972804
min,15,20,Cosine,0.30733470775010685,0.22632427034964822,0.15474624232108838,0.09445462258784365,0.46213943454326323
min,15,20,Euclidean,0.4611285317061997,0.23070294927930415,0.15767534682951906,0.21263952275351572,0.4652327551283548
mean,16,19,Manhattan,0.3815201710577929,0.24951097452048077,0.17053575520909736,0.14555764092396783,0.47194549997712587
mean,16,19,Cosine,0.2709759668770948,0.20783458508291014,0.1415667036580324,0.07342797462497663,0.4546823930339795
mean,16,19,Euclidean,0.41383420468604853,0.21540488172826464,0.14689807471834312,0.17125874896813442,0.45943019511798555
product,16,19,Manhattan,0.3907847261956348,0.25448606866818024,0.17325194408966899,0.15271270222779743,0.47066579974840084
product,16,19,Cosine,0.36688495739088167,0.24252952900387817,0.16463877025523102,0.1346045719597092,0.4597381169308705
product,16,19,Euclidean,0.52088449618727,0.23467286065796591,0.15920336778683333,0.27132065836826613,0.4626162042769859
var,16,19,Manhattan,0.14835516948375926,0.09473252954309638,0.06376361782461495,0.022009256312554903,0.42938933471880203
var,16,19,Cosine,0.19349781416796666,0.08299130309162903,0.055610036913724424,0.03744140408778118,0.4302818895704261
var,16,19,Euclidean,0.1597351639660828,0.07576638411591964,0.05072430578570838,0.025515322607271518,0.4296109543649548
std,16,19,Manhattan,0.33488840554432425,0.15721148588049447,0.10704068358879854,0.11215024416801989,0.4426041922176903
std,16,19,Cosine,0.49424984064900485,0.1583215254675662,0.10673622469724121,0.2442829049815669,0.44957617357801205
std,16,19,Euclidean,0.3712229513094763,0.12329693303019158,0.08368308670336304,0.13780647957891778,0.4329971282612787
median,16,19,Manhattan,0.38735922784760024,0.2510097292014779,0.17139522113259464,0.15004717139868928,0.46880092259666883
median,16,19,Cosine,0.2764389077403788,0.20013648972968134,0.13617615876926853,0.07641846971269384,0.45084307040978266
median,16,19,Euclidean,0.4223932659859272,0.20763087186244086,0.141430222085955,0.17841607115025837,0.4531944436548452
max,16,19,Manhattan,0.2918152903069708,0.17465930998081639,0.11874289521318104,0.08515616365694156,0.44541079799467465
max,16,19,Cosine,0.2161201771906366,0.1394237571747582,0.09456168670130073,0.04670793098891235,0.4386678932767125
max,16,19,Euclidean,0.3281091886842135,0.1470824212011068,0.09986829058578821,0.10765563969901304,0.4404005965325737
min,16,19,Manhattan,0.4136788680316315,0.26483108831557656,0.18117228286873122,0.17113020585593208,0.47748585227148077
min,16,19,Cosine,0.3076850769981881,0.2247061882382048,0.15322585669647779,0.09467010660738095,0.4610748192495877
min,16,19,Euclidean,0.46386853598707933,0.2293832675388124,0.15682077902336514,0.2151740186787966,0.46256262586804364
mean,17,18,Manhattan,0.3767793804132136,0.24543308186757365,0.16785610857322375,0.14196270150456525,0.4704437718688146
mean,17,18,Cosine,0.2689840662787759,0.2064158526947913,0.1406762329814714,0.07235242791186502,0.45667392311983657
mean,17,18,Euclidean,0.4109092298973426,0.21420841632318077,0.1462678282371824,0.16884639521482725,0.46078597082050576
product,17,18,Manhattan,0.43700690375050744,0.2659144287231684,0.18193566207872033,0.19097503392560544,0.4732003214950863
product,17,18,Cosine,0.405650233002235,0.24959100150915664,0.17040058319670895,0.1645521115347678,0.46459533864549796
product,17,18,Euclidean,0.5908557697759955,0.2690590496118478,0.18348754345073345,0.3491105406775842,0.46956036857080674
var,17,18,Manhattan,0.1472992737007955,0.08994472752858246,0.0603477608563278,0.021697076032781926,0.4300100633834082
var,17,18,Cosine,0.1436521664504191,0.07865279320212018,0.052757285732330086,0.02063594492589904,0.43129648610640947
var,17,18,Euclidean,0.16255721172975798,0.07511242959536764,0.05038937817761636,0.02642484708535353,0.43091390956515174
std,17,18,Manhattan,0.3397303666320085,0.16025202824691465,0.10885502952249898,0.11541672201191899,0.4447830029981388
std,17,18,Cosine,0.47831996023900425,0.16960551441544333,0.11485067452802564,0.22878998436304265,0.452461822971164
std,17,18,Euclidean,0.37952864621439514,0.12432120028925224,0.08407730012193365,0.14404199329733158,0.43343796005570034
median,17,18,Manhattan,0.3829720137642687,0.252425208325702,0.1726214536569216,0.14666756332665942,0.47005458278922485
median,17,18,Cosine,0.2762477312748425,0.20247988117946594,0.1378196641337252,0.07631280903449766,0.4519536842465023
median,17,18,Euclidean,0.42174979259339623,0.21093101653833113,0.14374710265005533,0.1778728875525728,0.45593668229084816
max,17,18,Manhattan,0.2749735690147629,0.16922810334444852,0.11501216113682594,0.07561046365671664,0.4514971634877073
max,17,18,Cosine,0.20706379703097,0.13791336620078648,0.09331235538766902,0.04287541604088285,0.44398552619714415
max,17,18,Euclidean,0.31263583642705617,0.14592259843940303,0.09891719040123302,0.09774116621844542,0.44517796965471423
min,17,18,Manhattan,0.4142238669721473,0.26511094160418297,0.18146607781492913,0.17158141196935928,0.47771824314311206
min,17,18,Cosine,0.30674281822513166,0.22410671623428147,0.15298152604996154,0.0940911565326964,0.46384704485534045
min,17,18,Euclidean,0.46281420146431235,0.22804111315231912,0.1556721006955041,0.2141969850770492,0.4664543834761752
mean,18,17,Manhattan,0.37819724577290625,0.24801621629766732,0.16955497009978177,0.1430331567102121,0.4701710113944758
mean,18,17,Cosine,0.2701340747999675,0.20985590057088363,0.1430613200347683,0.07297241836803448,0.45763507733830033
mean,18,17,Euclidean,0.41224233002800037,0.21752630200146245,0.14839459992825493,0.1699437386669148,0.4605709136516424
product,18,17,Manhattan,0.24681303207731525,0.12983762613028801,0.08799720940935352,0.06091667280319801,0.43610838780734895
product,18,17,Cosine,0.5508621575747364,0.05722231831279674,0.03880276079985549,0.3034491166478941,0.42739272753414015
product,18,17,Euclidean,0.3626355988584802,0.12009886771367836,0.08142161674569809,0.13150457755944867,0.43348546150427036
var,18,17,Manhattan,0.15320867469452512,0.09143497181644156,0.061896778978577045,0.023472898001652975,0.4300151044360262
var,18,17,Cosine,0.1508458444692747,0.0850960174642009,0.0571399667042146,0.02275446879364873,0.4319300801318817
var,18,17,Euclidean,0.16997746987806253,0.08091991527921254,0.05433873133024473,0.02889234026614773,0.4315622634150751
std,18,17,Manhattan,0.3395710904573781,0.161285395454511,0.11000414709439553,0.11530852547441295,0.44929256256120054
std,18,17,Cosine,0.4692364860511971,0.16680678327249626,0.11309550242277834,0.22018287984167528,0.45130174882327534
std,18,17,Euclidean,0.3742758514960259,0.12315761969991182,0.08344645156997473,0.14008241301307545,0.437071657464312
median,18,17,Manhattan,0.3807288058887153,0.24508000383603648,0.1677595648182443,0.14495442363344724,0.46887395722498304
median,18,17,Cosine,0.2757592858608211,0.19807814423728481,0.13478175613426782,0.07604318373847008,0.4499700386348586
median,18,17,Euclidean,0.42063356304681415,0.20525666282116828,0.1397475856413922,0.17693259436145836,0.45300464032152576
max,18,17,Manhattan,0.2731960235693699,0.17166924182348456,0.11686329607454468,0.07463606729411587,0.44605140887417516
max,18,17,Cosine,0.20344519993551635,0.13777277525876636,0.09343356629433917,0.04138994937680229,0.43914928089032135
max,18,17,Euclidean,0.30592952376819293,0.1441628169747415,0.09781202240295685,0.09359287351303347,0.4403651261230854
min,18,17,Manhattan,0.41882655718150147,0.27326767435765975,0.186995482117072,0.17541568500050964,0.4817860764527837
min,18,17,Cosine,0.3098551050346706,0.22886371253171933,0.15639261093530896,0.09601018611604684,0.4628942297607178
min,18,17,Euclidean,0.4652816793879612,0.23354298599503587,0.15945680343597887,0.21648704117408168,0.46723284040726243
mean,19,16,Manhattan,0.3753197367400361,0.2440450343569268,0.16689405665256618,0.14086490478661018,0.47031047666768677
mean,19,16,Cosine,0.26666748832991677,0.20474316505224716,0.13952520657639894,0.07111154933218644,0.45662635285084907
mean,19,16,Euclidean,0.4073955964291625,0.21239036807284195,0.14485848646988556,0.1659711719898731,0.4616110098818711
product,19,16,Manhattan,0.36921234093177824,0.2221662822555727,0.1516644311585851,0.13631775269632374,0.4620941924946108
product,19,16,Cosine,0.33955973993374966,0.21668728678674876,0.14749840275216616,0.11530081698387584,0.4571351236611527
product,19,16,Euclidean,0.5081257217463764,0.2147395961453481,0.14645427100494457,0.258191749100276,0.4562367704536775
var,19,16,Manhattan,0.15757269497137824,0.10527792308264831,0.07137890777989947,0.024829154200543213,0.42974682822860677
var,19,16,Cosine,0.25467160691991786,0.10857123745326755,0.07335932219990389,0.06485762737117329,0.43319457296751784
var,19,16,Euclidean,0.1714583126381502,0.09583294506771246,0.0645794591102535,0.02939795297272163,0.43094635154341243
std,19,16,Manhattan,0.35636925756775056,0.17632701831558437,0.12041396881920918,0.12699904773938986,0.44835463485272664
std,19,16,Cosine,0.4672789298327744,0.1669655993413773,0.11314990416829171,0.21834959826566303,0.4565871935954807
std,19,16,Euclidean,0.3949150743062039,0.14430242344792138,0.09815016427421544,0.15595791591427477,0.43555537769772634
median,19,16,Manhattan,0.3728930262905004,0.23882256167545415,0.16319446101630725,0.13904920905608797,0.4652066582504579
median,19,16,Cosine,0.2661385086235762,0.19078082355881731,0.1300965251040019,0.07082970577238146,0.4477427770604303
median,19,16,Euclidean,0.4115931100183366,0.19835840250047693,0.1352905247340034,0.16940888821456657,0.451583821212322
max,19,16,Manhattan,0.267576055388935,0.16818144348216776,0.11420834684619136,0.0715969454175025,0.44919362989122436
max,19,16,Cosine,0.2059125648267615,0.13756812465824775,0.09326749780803519,0.042399984353535314,0.44365702367130777
max,19,16,Euclidean,0.30253401019930615,0.14458525471781766,0.09811216322595862,0.09152682732727391,0.4456614688029594
min,19,16,Manhattan,0.4142558874723622,0.2681696405350373,0.18359572510272282,0.17160794030551452,0.4776987149223919
min,19,16,Cosine,0.30887266700734317,0.2301685071431852,0.15727258302940247,0.09540232442422913,0.4650743889205615
min,19,16,Euclidean,0.46570283150167596,0.23440195511159162,0.16000845635543598,0.21687912726867853,0.4680273667193343
mean,20,15,Manhattan,0.37731712040224685,0.24851232014856411,0.16989569682168135,0.1423682093486438,0.47083671578331554
mean,20,15,Cosine,0.26861946190834474,0.20980613770437456,0.14293438262857042,0.07215641531592887,0.45585421520505187
mean,20,15,Euclidean,0.4088191216771565,0.21712416456330605,0.14803764812436013,0.1671330742488818,0.4608103489056582
product,20,15,Manhattan,0.38458324838341545,0.24234234636183488,0.16579265991006734,0.14790427493713998,0.46644867023323
product,20,15,Cosine,0.35654871773225466,0.22223686655419114,0.15162816332824286,0.12712698811651502,0.45816335487630566
product,20,15,Euclidean,0.5206751232275524,0.2175373025963932,0.1483907822619031,0.2711025839480269,0.4611007199404388
var,20,15,Manhattan,0.15770152764921455,0.11107448642771084,0.07479285591501073,0.02486977182289618,0.43192944408036316
var,20,15,Cosine,0.5187497217517423,0.13482898839490548,0.09088527400450215,0.26910127381751014,0.44475900498913956
var,20,15,Euclidean,0.17592745310270147,0.10120305720338357,0.06770370527974484,0.030950468755203353,0.4329698996234199
std,20,15,Manhattan,0.3450519366705316,0.16824510774184012,0.11465979121043485,0.11906083900008468,0.4468177240618999
std,20,15,Cosine,0.44115275409571364,0.15119258814153844,0.10224474023432997,0.1946157524462333,0.44977685536048895
std,20,15,Euclidean,0.3866240894562521,0.14126239715492156,0.0961181050936633,0.14947818654787626,0.43597657768360554
median,20,15,Manhattan,0.38982558387029564,0.2564343948156911,0.1753274473308745,0.15196398583981696,0.47358833222138974
median,20,15,Cosine,0.27939125335664594,0.2062030220214278,0.14041949491931177,0.07805947245219769,0.4537292276073771
median,20,15,Euclidean,0.4248512990795665,0.21421950179134056,0.1461774901944379,0.18049862632959546,0.4569525708284219
max,20,15,Manhattan,0.25907494779824913,0.16027565024253435,0.10890306621359132,0.06711982857666554,0.44261251221130427
max,20,15,Cosine,0.19834955956580985,0.12861195910759213,0.08702275007305255,0.03934254777995083,0.43801552052699166
max,20,15,Euclidean,0.29495160300166734,0.13561565016791052,0.09189940740848147,0.08699644811325347,0.4394877565797638
min,20,15,Manhattan,0.40497044757352185,0.2582521059059853,0.17685299013864075,0.16400106340789866,0.4745684404345193
min,20,15,Cosine,0.30318227033857753,0.2203844170785785,0.15044945884211974,0.09191948904765457,0.4588672630968397
min,20,15,Euclidean,0.4573328683609773,0.22470023636383785,0.15337570010078655,0.20915335248327904,0.46157151359526993
mean,22,14,Manhattan,0.37113499599303373,0.24233691766008864,0.16556264551237043,0.1377411852507494,0.47139131414186886
mean,22,14,Cosine,0.26278674114178174,0.2052837993449513,0.14002436645189884,0.06905687131991789,0.45947373457066853
mean,22,14,Euclidean,0.40268122384454214,0.2131832211618472,0.14545595125394473,0.16215216803693833,0.4629211133069355
product,22,14,Manhattan,0.4046580445333433,0.22940340245942598,0.15676197015484714,0.16374813300554936,0.46405094967584914
product,22,14,Cosine,0.35747367740588404,0.17514520070224573,0.1180947365104811,0.12778743003808612,0.44452993243098793
product,22,14,Euclidean,0.4935506254520694,0.15059934112345688,0.10171790227777941,0.24359221988412894,0.44021696693276946
var,22,14,Manhattan,0.15991578473913004,0.10117882857937768,0.0685452449302642,0.025573058208731902,0.4308530036717926
var,22,14,Cosine,0.14585205639881327,0.09175104980322764,0.06156941408890884,0.021272822355762888,0.43264123956041745
var,22,14,Euclidean,0.17476358001293335,0.08906033809031798,0.05962431308265871,0.030542308898937165,0.432177972348876
std,22,14,Manhattan,0.35879224739342774,0.18058476613844282,0.12331157758023735,0.12873187678962672,0.4508063331919403
std,22,14,Cosine,0.440373951569575,0.17539872358837702,0.11878764295333566,0.19392921722100243,0.45194708984732757
std,22,14,Euclidean,0.3939424686046198,0.14289290921582898,0.09748886493154553,0.15519066857030206,0.43639157264583317
median,22,14,Manhattan,0.3757411360237343,0.24478385828379032,0.16739641170755012,0.14118140130040646,0.4689306813608264
median,22,14,Cosine,0.2698495721725726,0.19734429789524532,0.1343952174161465,0.07281879160172056,0.452395272103714
median,22,14,Euclidean,0.4141525533080524,0.20580025943040686,0.1402868310135862,0.1715223374115794,0.45576960253350574
max,22,14,Manhattan,0.250179802992767,0.1579902264393235,0.10735295978685591,0.06258993382549993,0.44852346843551627
max,22,14,Cosine,0.19152275729562945,0.1239005644278256,0.08385402993785332,0.03668096656212061,0.44356418187395086
max,22,14,Euclidean,0.2827302272268282,0.12985934489223197,0.08786861972947789,0.07993638138773396,0.44403081169598113
min,22,14,Manhattan,0.4087810485859522,0.26443181658837667,0.1810126987020891,0.16710194568303072,0.4767675393748171
min,22,14,Cosine,0.3041228827384273,0.2272525413280317,0.15522249619847742,0.09249072780513135,0.4627140628892894
min,22,14,Euclidean,0.4581655162845818,0.2315454660485539,0.1580637943808163,0.20991564031231758,0.46600188793653174
mean,24,13,Manhattan,0.37274987227351936,0.2470898292461107,0.16887976065708601,0.1389424672799252,0.4709953172382515
mean,24,13,Cosine,0.26395121523914394,0.2100394985375072,0.14322357085472046,0.06967024402622102,0.45788899038344844
mean,24,13,Euclidean,0.402847548436117,0.2182582480469308,0.14908809618381724,0.16228614728098967,0.46320153296310573
product,24,13,Manhattan,0.3723011542719201,0.23999110416553093,0.1640490973668366,0.13860814947220412,0.4728057925852851
product,24,13,Cosine,0.3488035853009592,0.23782631541064225,0.16225463761852207,0.12166394111880363,0.4641137092891038
product,24,13,Euclidean,0.5078670263847385,0.23072621272988708,0.1570669437295419,0.2579289164888767,0.46654094610248076
var,24,13,Manhattan,0.16830921124151196,0.09982524969264651,0.06757174001055119,0.028327990588739915,0.43053810088147293
var,24,13,Cosine,0.12949151466893213,0.08671414078683871,0.058287175442935234,0.01676805237125445,0.4312231909165105
var,24,13,Euclidean,0.177992135746623,0.0839970908453857,0.056503293323168065,0.031681200387644215,0.4309700077799561
std,24,13,Manhattan,0.3626027063966174,0.17140194041546924,0.11677859603569261,0.13148072268615163,0.45632962216567785
std,24,13,Cosine,0.4341185802923522,0.17562302145121145,0.11900906760174097,0.18845894175504752,0.4586531787235748
std,24,13,Euclidean,0.4000792772674519,0.1367716289068109,0.09268624704889614,0.16006342809884677,0.4437438439362602
median,24,13,Manhattan,0.3833934594641647,0.2518501831787186,0.1721006310910527,0.14699054475990025,0.47046487327804576
median,24,13,Cosine,0.27432526007283703,0.20353244092924988,0.13874735705721647,0.07525434831402988,0.452380814198865
median,24,13,Euclidean,0.419054112677508,0.21097869467338076,0.14398805854167157,0.17560634935193364,0.4558531206356399
max,24,13,Manhattan,0.2411562403390155,0.16495332205358906,0.1122902443017456,0.05815633225444927,0.4494445892498222
max,24,13,Cosine,0.18774280348918662,0.13167863018040585,0.08932119832989431,0.0352473602619795,0.4446292430348071
max,24,13,Euclidean,0.26675626617329046,0.1374801424729968,0.09332933757070778,0.07115890554271553,0.4449549584678393
min,24,13,Manhattan,0.40850872026948054,0.258890945249284,0.17715516706579845,0.1668793745362087,0.480075293239559
min,24,13,Cosine,0.3034010934696776,0.21943016348985572,0.14975559798267724,0.0920522235185961,0.46526079999925285
min,24,13,Euclidean,0.4557994433103509,0.2230101659791865,0.15204619779376669,0.20775313252202587,0.4668650434020818
mean,25,12,Manhattan,0.37028303861553563,0.24295307530828814,0.16599785947647744,0.1371095286863544,0.4711519361934312
mean,25,12,Cosine,0.2644115284341214,0.2102560263439565,0.14314053661156845,0.06991345636886825,0.4599170910256355
mean,25,12,Euclidean,0.4022114050466557,0.2181640366245877,0.14872938723736606,0.16177401434960503,0.4634891115636286
product,25,12,Manhattan,0.37698678979926126,0.22865708798483753,0.15597457646978513,0.14211903968315254,0.45913066632412536
product,25,12,Cosine,0.35085503357861114,0.21148336416626345,0.14355379899415252,0.12309925458744841,0.45207183632484393
product,25,12,Euclidean,0.5005324935393617,0.20691551048733564,0.1405454779089217,0.25053277708873123,0.45401117183447304
var,25,12,Manhattan,0.14905099819376383,0.10290477854748241,0.0699463284813806,0.022216200062557423,0.4311459510418659
var,25,12,Cosine,0.4768831309981908,0.14878388044107288,0.10030632014419552,0.2274175206306378,0.44416069432326555
var,25,12,Euclidean,0.16305770491052293,0.08494821956517407,0.057592771810771444,0.026587815130687087,0.4314853186647113
std,25,12,Manhattan,0.3522588869622998,0.1713278866930766,0.11671083245794787,0.12408632344391834,0.4465761742484161
std,25,12,Cosine,0.4038806534333069,0.16575482492675295,0.11286739685825735,0.16311958221771528,0.4505428645879591
std,25,12,Euclidean,0.3815693654996781,0.138971218197083,0.09462921885761572,0.14559518068782706,0.43559401288572663
median,25,12,Manhattan,0.3784196594739235,0.2411866045805689,0.1647800976280859,0.14320143867636037,0.4683420169606036
median,25,12,Cosine,0.2693556656258364,0.19084601547742014,0.12957827689674295,0.07255247460473746,0.45316393589128845
median,25,12,Euclidean,0.413266692832516,0.20151863014000954,0.13713394853427985,0.17078935940472528,0.45645676391452694
max,25,12,Manhattan,0.22895213849633833,0.15278903373170616,0.1036492287939146,0.05241908172204657,0.4303113051280627
max,25,12,Cosine,0.17380014073353775,0.12624968780029136,0.08565600918123752,0.030206488918997687,0.4432145142970445
max,25,12,Euclidean,0.25950789142205455,0.13176920315829893,0.08943597713473406,0.06734434571032077,0.42906480684104475
min,25,12,Manhattan,0.4094399671258089,0.25916450627898796,0.17720483559846842,0.16764108667998356,0.47797083397215046
min,25,12,Cosine,0.30498145132561905,0.22388274177454895,0.1527553293186165,0.09301368565268098,0.4641106891151572
min,25,12,Euclidean,0.45441804323978147,0.22474252976220685,0.15307564565156184,0.20649575802187192,0.4645649625556396
mean,28,11,Manhattan,0.3717829252156786,0.24516087284799976,0.16747911402098195,0.13822254348192686,0.47087789830756177
mean,28,11,Cosine,0.26422415201762894,0.21186139096019996,0.14434214709580248,0.06981440250943516,0.4589333820724595
mean,28,11,Euclidean,0.4010692112142733,0.2200964053121818,0.15014690878373835,0.1608565121840395,0.46467716023351924
product,28,11,Manhattan,0.3918030202035435,0.23247057647576486,0.1581804596477956,0.1535096066406184,0.46310358063302837
product,28,11,Cosine,0.339923355532224,0.20408590377783042,0.13824056184901293,0.11554788763628698,0.4510840171727567
product,28,11,Euclidean,0.4698634373071901,0.1812026357974478,0.12238770232309794,0.2207716497181279,0.4482743559604244
var,28,11,Manhattan,0.1677858138851995,0.10568182352173212,0.07122524670923888,0.028152079341118852,0.43258094474670894
var,28,11,Cosine,0.16195078968816445,0.094160096972176,0.06345915893305765,0.026228058280620248,0.4317371304526282
var,28,11,Euclidean,0.17454963673713317,0.08749731553160876,0.05894954055497527,0.030467575685065307,0.4315204297268861
std,28,11,Manhattan,0.3821828028185197,0.19938675612294568,0.1363966290010859,0.14606369477021963,0.4543672017833751
std,28,11,Cosine,0.40544916109325463,0.17518165794091578,0.11867979387889685,0.1643890222312241,0.4549750980820153
std,28,11,Euclidean,0.4038350814936902,0.1527171920614531,0.10408960266395259,0.1630827730450155,0.44193422881480193
median,28,11,Manhattan,0.3627584994101671,0.23172288436400493,0.15831962718898543,0.1315937288943163,0.4635631161674624
median,28,11,Cosine,0.25575809388032295,0.18714191769975416,0.12748715015253584,0.06541220258529623,0.4484194132911766
median,28,11,Euclidean,0.39995615407598756,0.19588298735834286,0.13357060148415428,0.15996492518325534,0.4520368844969641
max,28,11,Manhattan,0.2094906292498327,0.15155375800591678,0.10263947671747076,0.043886323743490885,0.4267642721426934
max,28,11,Cosine,0.1682142149616663,0.12568901931105309,0.08473579331646516,0.028296022115169794,0.44481568674335337
max,28,11,Euclidean,0.24432251697644178,0.13068624897007047,0.08819413826927672,0.05969349230170373,0.42583560931435294
min,28,11,Manhattan,0.4155769594341024,0.2680836730877759,0.18301997058871658,0.17270420921249363,0.4752402357731036
min,28,11,Cosine,0.30972476427400725,0.23368682834888188,0.15960517717036193,0.0959294296045895,0.461522941423233
min,28,11,Euclidean,0.46069394222382704,0.2346253540116699,0.16014207470962974,0.21223890840173099,0.46256243596464774
mean,30,10,Manhattan,0.36332890362076853,0.2411151189017096,0.16466549391969373,0.13200789220626974,0.4693625675651464
mean,30,10,Cosine,0.2565293847173034,0.20778774890969973,0.14149798566369973,0.06580732522343835,0.457933367425687
mean,30,10,Euclidean,0.38999648744828497,0.21507918616629276,0.14665565290500282,0.1520972602220002,0.4614963764862926
product,30,10,Manhattan,0.3596130294187766,0.1968598122407228,0.13400842530282442,0.1293215309277499,0.4558969182317225
product,30,10,Cosine,0.2993735908692247,0.13301351304413023,0.09036988904700702,0.08962454690993404,0.4429322805663225
product,30,10,Euclidean,0.4174924419751052,0.118390484283231,0.08020684142021384,0.17429993910633668,0.441801540444535
var,30,10,Manhattan,0.16067535594181262,0.10242339198245716,0.06899859280954233,0.025816570007028417,0.4329403122812392
var,30,10,Cosine,0.445857630558252,0.165362617989462,0.11253335105247349,0.1987890267270188,0.44994950152018665
var,30,10,Euclidean,0.17920453756524057,0.09180483538269872,0.06135887881341074,0.03211426628397174,0.43313309237608844
std,30,10,Manhattan,0.36518197052132484,0.17642578827720645,0.12014482334140617,0.13335787159383794,0.44776758117357074
std,30,10,Cosine,0.36871804039822315,0.1751683502175924,0.11890980827659377,0.1359529933151059,0.4527700897857191
std,30,10,Euclidean,0.3959588985703789,0.14387547128317588,0.09795355471509831,0.15678344935706767,0.4406451676930515
median,30,10,Manhattan,0.3648083878259513,0.25411796810760184,0.17342600681299075,0.13308515982816993,0.4684511651456881
median,30,10,Cosine,0.2610178333438464,0.20208279735133705,0.1377519005559805,0.06813030932351616,0.45204877147932754
median,30,10,Euclidean,0.40066588076843157,0.21019165795074726,0.14328179026658563,0.16053314801194307,0.4545714486485576
max,30,10,Manhattan,0.20327526591268333,0.141123214360376,0.09562770526504609,0.04132083373187234,0.23446466766601437
max,30,10,Cosine,0.16441260215843537,0.11758202736924034,0.07929351896457318,0.027031503748508046,0.23187715890952354
max,30,10,Euclidean,0.2228259569287909,0.12294903900875373,0.08300855961923843,0.0496514070812315,0.23802677381178705
min,30,10,Manhattan,0.39824877555533705,0.25321096141904764,0.17329363580724297,0.1586020872313253,0.47334959545807076
min,30,10,Cosine,0.296317440877988,0.21810128058600417,0.14906078270664677,0.08780402576848001,0.46085700036009747
min,30,10,Euclidean,0.4467708574058143,0.22448754938796334,0.153256471158695,0.19960419902712656,0.4626858444494627
mean,34,9,Manhattan,0.3619441164575797,0.23965981794869734,0.163663872759451,0.13100354343825815,0.46914988648484324
mean,34,9,Cosine,0.25797357234665413,0.21502379901948768,0.14677972706143683,0.06655036402929448,0.4610081026684649
mean,34,9,Euclidean,0.3928244641810519,0.222710257428025,0.15198444428295851,0.15431105965913072,0.4639531261276557
product,34,9,Manhattan,0.39177318697631563,0.2385810661904466,0.1622821095254382,0.1534862300335793,0.4648298723344564
product,34,9,Cosine,0.3244748040546232,0.21435500070611796,0.14578331614361292,0.1052838984662865,0.4533230575107664
product,34,9,Euclidean,0.5015385848856599,0.23290619524020062,0.1580934567345735,0.25154095212911043,0.4608009338405863
var,34,9,Manhattan,0.16764286798131103,0.10255716980599645,0.06940612869259867,0.028104131184999437,0.4315172958208672
var,34,9,Cosine,0.2799520512899667,0.13083827025252562,0.08820145455917566,0.07837315102146025,0.43734095246881743
var,34,9,Euclidean,0.18023121886267351,0.08975528361586699,0.06038094213842806,0.03248329225272506,0.4324806893141232
std,34,9,Manhattan,0.3643640311405549,0.1863983860285313,0.12674079638075586,0.13276114718899523,0.44942462988287046
std,34,9,Cosine,0.369318751664386,0.16267913430095662,0.1100690474223764,0.1363963403309405,0.4542399010111522
std,34,9,Euclidean,0.38615325909765774,0.14285473369237797,0.09698017255051476,0.1491143395117428,0.44023879052501835
median,34,9,Manhattan,0.3592587961051638,0.2353008824877102,0.16055883651699304,0.12906688257893184,0.46489336434555606
median,34,9,Cosine,0.26254945707509036,0.19685072329409425,0.133887467791355,0.06893221741042499,0.4508638783040638
median,34,9,Euclidean,0.4023031355885041,0.20231087197566686,0.13780916555125775,0.16184781290434258,0.4536672013195948
max,34,9,Manhattan,0.19808429175074546,0.14220458764487637,0.09654472507703724,0.0392373866383946,0.37648235771466
max,34,9,Cosine,0.15850626055504932,0.12133272438909147,0.08168599688076672,0.02512423463514546,0.37648296031986117
max,34,9,Euclidean,0.22149226083719886,0.12402879037577483,0.08367630849871521,0.049058821610773906,0.3762383256156786
min,34,9,Manhattan,0.40870166916619755,0.24806902455699997,0.16897813545096127,0.1670370543792361,0.4717818952042263
min,34,9,Cosine,0.2967092119833626,0.21067374370908795,0.1433905937576124,0.088036356475788,0.4562520364241338
min,34,9,Euclidean,0.44920749580743696,0.2152986239773574,0.14668956969276506,0.2017873742895887,0.45919838869273644
mean,38,8,Manhattan,0.3558790682477616,0.23541354107333082,0.16066839724934262,0.12664991121689495,0.46998953319116077
mean,38,8,Cosine,0.2474464238304676,0.20428179315781342,0.13907567636347262,0.061229732666487346,0.4580325030752357
mean,38,8,Euclidean,0.37817914239502937,0.21233488593074124,0.14498351504290752,0.14301946374263996,0.46334330720160233
product,38,8,Manhattan,0.338010556066923,0.1844909625991651,0.12597274210916184,0.11425113601267056,0.437086184143871
product,38,8,Cosine,0.29909051042022566,0.14628535766019515,0.09945413689754609,0.08945513342343125,0.4370832710615693
product,38,8,Euclidean,0.42440967576499056,0.1352999929255047,0.09211790634838464,0.18012357288294434,0.43748597701583347
var,38,8,Manhattan,0.17583369002572113,0.11219394242346002,0.07537218678389876,0.03091748654806159,0.4316460592316548
var,38,8,Cosine,0.38273023821997554,0.13196312770872304,0.08933721029884084,0.14648243524791926,0.44534922164240764
var,38,8,Euclidean,0.1870620330332735,0.09469383021032084,0.06354162087024523,0.03499220420254179,0.431932560998609
std,38,8,Manhattan,0.3931712977454948,0.20967736739020468,0.142735863978276,0.15458366937087664,0.44978558196384777
std,38,8,Cosine,0.33968915721551723,0.15700018560928305,0.10659783429198791,0.11538872352978846,0.4527542491105573
std,38,8,Euclidean,0.4146273869729144,0.1675739861688565,0.11352397452760929,0.17191587002798692,0.4417396333839524
median,38,8,Manhattan,0.3504416283522465,0.23497741212173506,0.16058392070763214,0.12280933488217405,0.47024021260123783
median,38,8,Cosine,0.2555656645063686,0.1908134872721163,0.12974816304939873,0.06531380887458182,0.4587667338657877
median,38,8,Euclidean,0.394420425217611,0.198014736274454,0.1348733801267114,0.15556747182884123,0.46274967101585907
max,38,8,Manhattan,0.17595102468947596,0.1411834671435459,0.09569361935637713,0.030958763089276697,0.15379747466175842
max,38,8,Cosine,0.1503069247718466,0.12408715889883752,0.08396360033570188,0.02259217163436944,0.15167698352881087
max,38,8,Euclidean,0.19863922173191753,0.1277005891028593,0.08667957608504016,0.03945754041026195,0.15476627205298266
min,38,8,Manhattan,0.4184051435013478,0.25864051794732257,0.17684296307499237,0.17506286410838345,0.47913937159849906
min,38,8,Cosine,0.3043417141897595,0.21982122559413564,0.14979282022960744,0.09262387899596136,0.46597075110270714
min,38,8,Euclidean,0.4556450118023657,0.22607662813694804,0.15413035028463765,0.20761237678037814,0.4657523541962697
mean,43,7,Manhattan,0.365853615527634,0.25199035706246825,0.1719190599881437,0.13384886799464202,0.47179280330465323
mean,43,7,Cosine,0.2611338511349679,0.22608379953773594,0.15423372061335713,0.06819088820857966,0.4625641976642614
mean,43,7,Euclidean,0.3877884168375235,0.23374382850290554,0.15955918702810085,0.15037985623335293,0.46514111592012297
product,43,7,Manhattan,0.3172179818960791,0.19121174131727878,0.1304266072578094,0.1006272480382211,0.4480708641036303
product,43,7,Cosine,0.29001852226218094,0.18794948760286392,0.12738213667315965,0.08411074325513912,0.44426801988930587
product,43,7,Euclidean,0.41580810705873583,0.16502176630347234,0.11202120516459643,0.17289638189576917,0.44332710089431737
var,43,7,Manhattan,0.1594989222167906,0.09908467474999953,0.06681965973924348,0.02543990618831793,0.43131115613768867
var,43,7,Cosine,0.37967704406513914,0.16396385975923503,0.11070468886995373,0.14415465779004166,0.4508690266364396
var,43,7,Euclidean,0.17577382411549988,0.08762666357212082,0.058614921366073144,0.03089643724418678,0.4340807755017325
std,43,7,Manhattan,0.33448381963190904,0.15341513998734704,0.10400086675616523,0.11187942559555164,0.45077892369088535
std,43,7,Cosine,0.3052544572731182,0.14886866653638517,0.10041894130157408,0.093180283685106,0.4420872392083842
std,43,7,Euclidean,0.36476174383126975,0.1255218234061528,0.08495720507880077,0.13305112976282896,0.4398807272817751
median,43,7,Manhattan,0.36166767321027693,0.2451169061152606,0.16749201228373142,0.13080350584533584,0.46361161716562393
median,43,7,Cosine,0.2626968751091972,0.20030677857599183,0.13668009072770823,0.0690096481921374,0.44941124124717635
median,43,7,Euclidean,0.3969910308159454,0.21133559369121527,0.14413326741900095,0.1576018785483072,0.4538410222623971
max,43,7,Manhattan,0.16324939335415561,0.13536853083204445,0.0923187155007712,0.02665036443049984,0.10787546669205006
max,43,7,Cosine,0.14249354241257048,0.12315658862291984,0.08368713959336246,0.02030440962928315,0.42446457754639433
max,43,7,Euclidean,0.181191689704859,0.12118285870082422,0.08216619471552365,0.03283042841810213,0.1105492248968909
min,43,7,Manhattan,0.38182509536040377,0.22781905464071944,0.15514806481885154,0.14579040344698158,0.4641264949090359
min,43,7,Cosine,0.2766939038261047,0.19600005439179244,0.13361927673013993,0.07655951641452985,0.4536483181999167
min,43,7,Euclidean,0.414270944436038,0.1956022669667589,0.13313163338186507,0.17162041540392692,0.4559147291786093
mean,50,6,Manhattan,0.3501226057831396,0.2281771424146273,0.155563222920377,0.12258583908037579,0.4676755352633579
mean,50,6,Cosine,0.2464066093072831,0.20096814979393335,0.13672303947416614,0.060716217110312054,0.4607618421170492
mean,50,6,Euclidean,0.36702007980333146,0.2093339643630994,0.1425405848429623,0.1347037389788438,0.46261925429719253
product,50,6,Manhattan,0.2648132293996899,0.12605497558841447,0.08503968886042851,0.0701260464650929,0.41678492137525536
product,50,6,Cosine,0.2883810608165156,0.11303945707728269,0.07636878187607024,0.08316363623765899,0.4376125818797635
product,50,6,Euclidean,0.2461826450602531,0.06536230691653767,0.0435464850760707,0.060605894728862686,0.43746312135709553
var,50,6,Manhattan,0.17982178892754722,0.11687340789128794,0.07868687559386281,0.03233587577310326,0.43621828325105594
var,50,6,Cosine,0.35322494522344094,0.15921001646741767,0.1082680633209073,0.12476786192810285,0.4563774674102361
var,50,6,Euclidean,0.18341263362222612,0.09696845206143624,0.06497993696896884,0.03364019417224118,0.43352007147015514
std,50,6,Manhattan,0.36161889570422856,0.20535102807445121,0.1403775005894418,0.13076822573034586,0.4634794637817239
std,50,6,Cosine,0.2945809065025221,0.18578556858256423,0.1266673063034834,0.08677791047584782,0.4641763478872223
std,50,6,Euclidean,0.3886173672715773,0.17666695306904295,0.12066658692015424,0.1510234581450921,0.4582456226261702
median,50,6,Manhattan,0.31656709813620515,0.21480772801233372,0.1464668615607296,0.10021472762237793,0.4644961370484245
median,50,6,Cosine,0.22180620307657933,0.17152454790983637,0.11664974979631883,0.04919799172324901,0.4536571549200903
median,50,6,Euclidean,0.35340754629874876,0.1814355670562657,0.12357881422486446,0.12489689378090241,0.456276276082315
max,50,6,Manhattan,0.13576470231076793,0.14214842363505728,0.099675245213988,0.01843205439353157,0.01894801573946625
max,50,6,Cosine,0.11521754065692857,0.1348717894752869,0.0945160384317392,0.01327508167503122,0.015217565863990257
max,50,6,Euclidean,0.142165734835123,0.135562661269081,0.09505090118955514,0.02021109616121075,0.023829659194508968
min,50,6,Manhattan,0.35358914957998583,0.2388953172705999,0.1638533042220003,0.12502528670069768,0.47223055726433905
min,50,6,Cosine,0.2687143155046212,0.22067824870382102,0.1512378069437697,0.0722073833571173,0.4645287161977749
min,50,6,Euclidean,0.4078789524971248,0.2162018690098819,0.14768458445940955,0.16636523989015195,0.4639291126661279
mean,60,5,Manhattan,0.3502036983856021,0.24733109835130748,0.16905867347404574,0.12264263036295386,0.47196307506898816
mean,60,5,Cosine,0.23646362423747122,0.21442384784811738,0.14622330219065968,0.05591504558752003,0.4602154672630344
mean,60,5,Euclidean,0.35820574097929236,0.22322722193226804,0.15234244887876483,0.12831135287052386,0.463984137624354
product,60,5,Manhattan,0.2599885612087765,0.15338886005731345,0.10357850655460649,0.06759405195940993,0.414987725557887
product,60,5,Cosine,0.19369822017234636,0.07754394340847988,0.05208762475652054,0.037519000497934885,0.4124562526065787
product,60,5,Euclidean,0.22116954742565798,0.07851378769060655,0.05281173324622782,0.04891596870847037,0.4085295907915296
var,60,5,Manhattan,0.1737682382299185,0.1174016711422232,0.07909250264374323,0.0301954006175299,0.4335840795014445
var,60,5,Cosine,0.3115547420136842,0.15932531421348645,0.10889988710213282,0.0970663572712136,0.4439995700145143
var,60,5,Euclidean,0.18169097681434657,0.10512124437673614,0.070617568024581,0.033011611055751344,0.4334464679588289
std,60,5,Manhattan,0.3447542866707459,0.1948288916184483,0.13228023025724056,0.11885551817785511,0.45593517166661446
std,60,5,Cosine,0.2645057712338378,0.1739517259088449,0.118531859307764,0.0699633030160075,0.4501569019411591
std,60,5,Euclidean,0.3645230470409976,0.16272868804755955,0.11038089145545864,0.13287705182405352,0.44695433288372044
median,60,5,Manhattan,0.32703610134873395,0.23129586908416305,0.15749261527061956,0.1069526115853795,0.4609515146915162
median,60,5,Cosine,0.23221082232486212,0.1840070925024399,0.12496462711057359,0.053921866004788876,0.44777526299592296
median,60,5,Euclidean,0.35167144354733576,0.19254388595373387,0.13081520079473125,0.12367280420666715,0.45078893695836986
max,60,5,Manhattan,0.12205865551462433,0.10173325514578296,0.07006373325920921,0.01489831538603803,0.041222890928230504
max,60,5,Cosine,0.10921460397018296,0.10160970921570862,0.07004019049480974,0.011927829720364103,0.029296890478122894
max,60,5,Euclidean,0.12911641788791023,0.10163650656298626,0.07000022819014032,0.016671049368205626,0.03454991978007149
min,60,5,Manhattan,0.36472936646339515,0.24121541615304432,0.16519818918687001,0.13302751076078967,0.45994628222498435
min,60,5,Cosine,0.2575749945777318,0.2026844228147925,0.1385517016566859,0.0663448778317185,0.45307016414531753
min,60,5,Euclidean,0.4000983577042913,0.215416247238426,0.14751763186980965,0.1600786958376711,0.4555887965374862
mean,75,4,Manhattan,0.3130121312801708,0.22985398749834407,0.15642983318223916,0.09797659432855499,0.46231245742871463
mean,75,4,Cosine,0.20788194418326691,0.21070514594074083,0.1433409640950388,0.043214902717415016,0.45800621215368686
mean,75,4,Euclidean,0.3144041106840969,0.2174190746645517,0.14805196437317944,0.09884994481505804,0.46092717234367075
product,75,4,Manhattan,0.12501635196898464,0.06340547565358158,0.0427358533717517,0.01562908825963305,0.11186920405313538
product,75,4,Cosine,0.16285642085309898,0.04555159066364285,0.03031295477914701,0.02652221381308173,0.30364535327911657
product,75,4,Euclidean,0.10701359329373325,0.04782045439672279,0.03188824571709338,0.011451909149636785,0.13154730122465663
var,75,4,Manhattan,0.14773695995694858,0.12416864635669507,0.08341123770423482,0.021826209337321156,0.4334542966212619
var,75,4,Cosine,0.23213314996258164,0.11210628132346588,0.0753712323673108,0.053885799311550575,0.4356700904849118
var,75,4,Euclidean,0.15555096489505513,0.11799079080902959,0.07937823577942918,0.02419610267978267,0.43247224407816476
std,75,4,Manhattan,0.2608313297956804,0.14309939338396624,0.09668240035973438,0.06803298260298307,0.4391608524415548
std,75,4,Cosine,0.17080514765709012,0.08686907811398058,0.0578796395598789,0.029174398466160434,0.43773673682079217
std,75,4,Euclidean,0.2821744001342998,0.13373831494243887,0.09040394067771668,0.07962239209115207,0.4377501798207307
median,75,4,Manhattan,0.30685212662469663,0.21584794413197902,0.14759711177976875,0.09415822761409876,0.35266764946060314
median,75,4,Cosine,0.2304250575946869,0.19038592099711962,0.12922905406022142,0.05309570716751477,0.3521346282698121
median,75,4,Euclidean,0.3160815731815765,0.19640963863872177,0.13327840876295,0.09990756090494035,0.3552133783785606
max,75,4,Manhattan,0.05753337747542572,0.04752046124002783,0.03729662711268825,0.00331008952373002,-0.0746890844172099
max,75,4,Cosine,0.04646816307990852,0.048024049585869165,0.037568761053071484,0.002159290180021034,-0.0862522604690914
max,75,4,Euclidean,0.05851551417150227,0.048032643904581465,0.037579257424077556,0.0034240653987551717,-0.08669307151621108
min,75,4,Manhattan,0.3131667022712516,0.16137141079279102,0.10906716632919423,0.09807338341145067,0.4472802109234201
min,75,4,Cosine,0.21350987656546494,0.1516763963881069,0.10295768942553157,0.04558646739100025,0.44255149827049267
min,75,4,Euclidean,0.33502350718438983,0.14478400229289082,0.09812471111809425,0.11224075036612902,0.4441784505302754
mean,100,3,Manhattan,0.3281712499736853,0.22050690024086753,0.14966492840682163,0.10769636930929116,0.46780231897876157
mean,100,3,Cosine,0.2135343473648263,0.19181228457404803,0.1302645024234818,0.04559691750452255,0.458489711570931
mean,100,3,Euclidean,0.3327873564027034,0.20491924188749722,0.13904885378553175,0.1107474245815,0.4618991443619017
product,100,3,Manhattan,0.17322294709934344,0.11702139290543954,0.08073772544187645,0.030006189401781902,0.10503658485626044
product,100,3,Cosine,0.2341624713216746,0.08950412284632364,0.06610007330756047,0.05483206297547405,0.2974644873606237
product,100,3,Euclidean,0.12771980610406658,0.07136538526191101,0.04902266724086479,0.01631234887126054,0.1050547996920197
var,100,3,Manhattan,0.18967102205906847,0.1325784387811999,0.0894316975410483,0.035975096608931834,0.4371968884939612
var,100,3,Cosine,0.2490123763605259,0.14967779874568093,0.1005840553712901,0.06200716358071634,0.44042181990370144
var,100,3,Euclidean,0.182331322867738,0.11731455002679293,0.07926751482455029,0.033244711298699214,0.4352951148861005
std,100,3,Manhattan,0.3401781114648405,0.21290154753745322,0.1448518055537699,0.11572114751978557,0.4567500792355522
std,100,3,Cosine,0.2393914453119839,0.18456716800148779,0.1253263509974081,0.05730826408856071,0.4512930691119109
std,100,3,Euclidean,0.34881453443910077,0.190014501698908,0.12891649710124117,0.12167157943596663,0.4528159602927849
median,100,3,Manhattan,0.2030959408886673,0.15845269376360477,0.10686760432167411,0.041247961205453154,0.3979344890084344
median,100,3,Cosine,0.1501364974474547,0.1503639385173848,0.10121694004068146,0.02254096786578963,0.3972842063984763
median,100,3,Euclidean,0.22613172766592973,0.1549566171235677,0.10446076140309576,0.051135558257178415,0.39825443055644427
max,100,3,Manhattan,0.05799197631940292,0.04999187919802454,0.03952178850551074,0.003363069317430245,-0.2029369928823601
max,100,3,Cosine,0.05031654308362467,0.04999187919802454,0.03952178850551074,0.0025317545078865633,-0.2029369928823601
max,100,3,Euclidean,0.05799197631940292,0.04999187919802454,0.03952178850551074,0.003363069317430245,-0.2029369928823601
min,100,3,Manhattan,0.3676794990718716,0.23297519972933983,0.15918890658198467,0.13518821403774262,0.4674139230629757
min,100,3,Cosine,0.20219193001691976,0.14570662029741452,0.09849960954319871,0.04088157656396707,0.4507683870116894
min,100,3,Euclidean,0.3796759420027985,0.20090252047881946,0.13618627762214514,0.1441538209357126,0.4594608366346975
mean,150,2,Manhattan,0.2649669525870872,0.21082710173944028,0.1429076589641077,0.07020748596328774,0.4525331766886246
mean,150,2,Cosine,0.11938486385220604,0.09885011669674428,0.06681965973924348,0.014252745717009963,0.4325489519514908
mean,150,2,Euclidean,0.26968594367161003,0.2026223294192142,0.13723269793213355,0.07273050821404692,0.45059169171811986
product,150,2,Manhattan,nan,nan,nan,0.0,2.220446049250313e-16
product,150,2,Cosine,0.6529110546085122,0.2148086894539614,0.1754630793769259,0.42629284522999955,0.42629284522999955
product,150,2,Euclidean,nan,nan,nan,0.0,2.220446049250313e-16
var,150,2,Manhattan,0.15619607943126895,0.09864160900782591,0.06653238034626933,0.024397215229699287,0.4338548413951372
var,150,2,Cosine,0.08994865533861376,0.08928131810275423,0.06031626510892532,0.0080907605972248,0.4357859375435369
var,150,2,Euclidean,0.1618041326824659,0.0949626945654515,0.06397562847078668,0.02618057735312518,0.43428053797407895
std,150,2,Manhattan,0.21464347919098697,0.11630586268862782,0.07880331441759318,0.046071823159211656,0.4378911479578954
std,150,2,Cosine,0.05766126439244181,0.08823096769208807,0.05935230435509183,0.003324821411335166,0.4360835673068866
std,150,2,Euclidean,0.22966694513643438,0.11999079229824959,0.0811940318049741,0.052746905688302204,0.4394000306654616
median,150,2,Manhattan,0.0755612631403676,0.0720146445282526,0.053861184456008376,0.005709504487367956,0.007653546925379118
median,150,2,Cosine,0.06233367341029097,0.06630437625829151,0.04980647944945969,0.0038854868408209065,0.008985020452664472
median,150,2,Euclidean,0.07407113715448796,0.06649792753874567,0.04999151661463357,0.005486533359359114,0.008102839776885418
max,150,2,Manhattan,nan,nan,nan,0.0,2.220446049250313e-16
max,150,2,Cosine,nan,nan,nan,0.0,2.220446049250313e-16
max,150,2,Euclidean,nan,nan,nan,0.0,2.220446049250313e-16
min,150,2,Manhattan,0.20020728797839182,0.12982354142174532,0.08707823516524729,0.040082958159662674,0.4354295120117828
min,150,2,Cosine,0.08501576670923676,0.05289631760238703,0.0351776316292901,0.0072276805891594575,0.4301016851785746
min,150,2,Euclidean,0.2101070084547321,0.1275240325567802,0.0854625477128582,0.04414495500179694,0.43728451657026424
mean,300,1,Manhattan,0.2286165530169233,0.2062111860288918,0.13991079087793232,0.05226552831333997,0.4492938145485377
mean,300,1,Cosine,nan,nan,nan,0.0,2.220446049250313e-16
mean,300,1,Euclidean,0.22861655301691988,0.20620958515078097,0.1399093926342474,0.052265528313338305,0.4492936819346607
product,300,1,Manhattan,nan,nan,nan,0.0,2.220446049250313e-16
product,300,1,Cosine,0.6529110546085122,0.2148086894539614,0.1754630793769259,0.42629284522999955,0.42629284522999955
product,300,1,Euclidean,nan,nan,nan,0.0,2.220446049250313e-16
var,300,1,Manhattan,0.14459395361521987,0.11001378292681271,0.07432328295373739,0.020907411422080635,0.43241377251214064
var,300,1,Cosine,nan,nan,nan,0.0,2.220446049250313e-16
var,300,1,Euclidean,0.14459395361521987,0.11001378113538582,0.07432162941560481,0.020907411422080635,0.43220042884554977
std,300,1,Manhattan,0.18630910739587583,0.12165636095475675,0.0824482313669893,0.034711083498648154,0.4366166967402567
std,300,1,Cosine,nan,nan,nan,0.0,2.220446049250313e-16
std,300,1,Euclidean,0.1863091073958764,0.12165635744417223,0.08244498085246255,0.034711083498648265,0.43633339697869156
median,300,1,Manhattan,0.008397342596609396,-0.021049385749492264,-0.01702069045365537,7.051536268487535e-05,-0.023774498549741674
median,300,1,Cosine,nan,nan,nan,0.0,2.220446049250313e-16
median,300,1,Euclidean,0.008397342596609396,-0.021049385749492264,-0.01702069045365537,7.051536268487535e-05,-0.023774498549741674
max,300,1,Manhattan,nan,nan,nan,0.0,2.220446049250313e-16
max,300,1,Cosine,nan,nan,nan,0.0,2.220446049250313e-16
max,300,1,Euclidean,nan,nan,nan,0.0,2.220446049250313e-16
min,300,1,Manhattan,0.16961092136637074,0.1303150525254253,0.08829475639354196,0.028767864646749297,0.16780760954960017
min,300,1,Cosine,0.0588313348338104,0.0316984915191429,0.025892411278568107,0.0034611259583281484,0.0034611259583281484
min,300,1,Euclidean,0.16961092136637074,0.1303150525254253,0.08829475639354196,0.028767864646749297,0.16780760954960017
