epoch,berlin_loss,berlin_weighted_acc,classification_loss,loss,sketchy_loss,sketchy_weighted_acc,val_berlin_loss,val_berlin_weighted_acc,val_classification_loss,val_loss,val_sketchy_loss,val_sketchy_weighted_acc
0,5.4221407226712754,0.009732208602309748,4.874781147186813,10.323267332991051,4.165571372514219,0.08711664944283941,5.395463260128265,0.013248922458260643,4.505141593358955,8.981830625164266,3.579402977203836,0.17864788688590028
1,4.747997089027054,0.046799350763860624,4.018404555059888,8.176306916326611,3.2538360387021656,0.22965831595515787,4.947408507603654,0.04223240398220262,3.93299386712483,7.746545482844723,2.8939126353263855,0.30311916461647775
2,4.215967277885787,0.10515092531426991,3.4922227274145548,7.1683751496496555,2.734529943800077,0.32908266061831354,4.023079954880905,0.14454866522733045,3.1699483811539046,6.429017346104797,2.3017606667815422,0.4250143084027329
3,3.8393676913280195,0.15799383394729907,3.1341121732014794,6.501316213503447,2.395181718957763,0.3943174750004086,3.626634203457407,0.20857494697035575,2.8254770314146063,5.823090928817282,2.0151872580294707,0.48712184813953174
4,3.576844599158289,0.19936788009084289,2.8864384327727803,6.046898832049881,2.162404876986531,0.4436021121247331,3.52252041415673,0.2286228927130602,2.6816864326352974,5.517962272332639,1.8274715141508044,0.5287424134618166
5,3.360536452403997,0.23585150897568113,2.6881921886093507,5.6966378074245325,1.9844302778953535,0.4799326980661772,3.047831340127502,0.30220556730701,2.358367093338042,5.050894852460647,1.656569980713786,0.5677971997677672
6,3.1722612974680224,0.2694245055220059,2.5145912235623116,5.391563987314571,1.826068376347064,0.5155563307799709,2.9608005567953306,0.31717303841393824,2.290775359062516,4.966632418503567,1.6136138183024464,0.5816711392843602
7,3.007479503639939,0.29775975253962844,2.3633460674557174,5.128907616028901,1.689762857445481,0.5461033758762368,2.729892433954045,0.36562285570709074,2.103779607951641,4.6551109187846285,1.4662739555458633,0.6148453916782627
8,2.8615146230034023,0.32474040846203817,2.231169085012223,4.902559843418113,1.5731279539331566,0.5743881751332816,2.66554954979313,0.37870592283655186,2.0468857363912525,4.569427262843871,1.4170078904081365,0.625793428823656
9,2.746263990777848,0.34434375768808617,2.125393674149294,4.721174814821072,1.4783148382633469,0.5942972803533207,2.465243304593289,0.41787662537365544,1.8980562237099725,4.341591818936017,1.3198713727453533,0.6506391102312779
10,2.642544092547711,0.3634469512581043,2.030770988433053,4.5582442223112745,1.3946523880541195,0.6153375081995123,2.4333412560588705,0.4217742626046648,1.8655410842025766,4.290250277378121,1.2870237820799253,0.6560215274928783
11,2.566853601092583,0.38082738392853893,1.9576136578094516,4.429952858939473,1.3253311719883976,0.6304595406128489,2.4044150403134408,0.4197632471797418,1.821855993293986,4.206858015765949,1.2330725021149431,0.6700157181769609
12,2.503431499969516,0.39152517253512625,1.8944654697401517,4.318461239520517,1.2632489638203344,0.6456960318777181,2.2473951074249827,0.4589339547169452,1.7254608340762099,4.085240667545065,1.1951340837131958,0.6820629702061415
13,2.434394271785895,0.40375121663644487,1.831464429548585,4.211160899982411,1.2069072361326323,0.6599225922147346,2.2910448839083037,0.44885482603615645,1.7399715535950904,4.0939625937865705,1.1781111545100504,0.6887147751517442
14,2.3910180337058637,0.4130041098633793,1.7849272100878493,4.127259400428255,1.1580322976446256,0.6698939769221083,2.280194378381113,0.4554465270802683,1.7230435804420587,4.071309122180452,1.1596164936155688,0.6906147750384953
15,2.3341726487783685,0.42318784951250715,1.7326896628874398,4.0390568093606625,1.1113543793461256,0.6823969218089231,2.1815311558348753,0.47010856041737964,1.674790823320345,4.03501731632437,1.1625615699935932,0.6943791390213431
16,2.30038076224421,0.4298982812421849,1.6980949486371464,3.9786790967770167,1.076457080773243,0.6903282460159493,2.166446837240616,0.47172677274382846,1.6478750496166092,3.977537552619467,1.1232007142281046,0.7005397352004538
17,2.2598672807868776,0.43820643455637887,1.6607566956096458,3.9165118569096538,1.0429241481442941,0.7002323019947996,2.1306874177462696,0.480474613356347,1.6306721037291751,3.9721194486861324,1.1255822012211596,0.7029698763428902
18,2.2305913914736824,0.4447709873286066,1.631761124619248,3.867449659539521,1.014718733783363,0.7044942105103373,2.0855280586996834,0.489948078520444,1.5938119862584434,3.912524437979776,1.096320156538973,0.7094522935389256
19,2.2028024917619233,0.4480289505203652,1.6033010647646446,3.8180047955502565,0.9858184553992566,0.7122168156719834,2.0454560543913756,0.4969347989753801,1.571088235397728,3.8921078925546335,1.0898351972230844,0.7123879291567268
20,2.1668392983255034,0.4569900865758274,1.5700404314817433,3.762286892396355,0.9555071041151001,0.7192930650398037,2.0345844945912424,0.500249718981738,1.5681506404037378,3.9025889707536114,1.0958236041166345,0.711311477101579
21,2.1483813426165925,0.4604147675913846,1.5479913646334893,3.72199783419102,0.9301134469081328,0.7270897318028255,2.027612426067692,0.5007320992624273,1.5547257659739377,3.877442951289975,1.077270458728075,0.7171381643523975
22,2.1184274659375917,0.4662499266067271,1.5227919827926601,3.682966303877549,0.9102622954537624,0.731553626503934,2.0643028288770653,0.49625618124251464,1.5767806505554793,3.9113403652030594,1.0836877275121455,0.7181285881552161
23,2.1033121274388855,0.4684103242417133,1.5050135234774333,3.6501057608122376,0.8898396068641863,0.7378084653837675,2.0127866881093994,0.5075518550556534,1.5508286373566609,3.8900893464745305,1.0829553939286543,0.7180877718311184
24,2.0765319183566637,0.4743218952639098,1.4840631266913216,3.620189788409344,0.8754572267474962,0.740986381370077,2.0156254780250054,0.5050203214908133,1.5292193614797933,3.8248800035204207,1.03389144095596,0.7267709738253331
25,2.0645214379746752,0.47789245637814376,1.467809445487592,3.5892137749711583,0.8553067974110401,0.7460898989921586,2.0695969202864357,0.49942376024990665,1.5587710691106562,3.8670353264297757,1.0414747349048148,0.7218562174463758
26,2.045179322094573,0.4797888829488984,1.4502481214327154,3.5609601031247062,0.840045483785333,0.749611191493938,1.9556698606214014,0.5163826234888057,1.5175953387131496,3.8631393387366315,1.0740417464314675,0.7221205816378399
27,2.0307424139924333,0.4837137208334466,1.4362457210960222,3.538463497161865,0.8266404678706789,0.7548224350816573,2.0059196204901024,0.5112192205847526,1.5363386306793105,3.8705273052429665,1.057965082595543,0.7204524498691364
28,2.0114125628440074,0.48889589730968097,1.4213448698724125,3.5176227736525254,0.8159879331776558,0.7548089693359525,1.909654473205429,0.5281617839968934,1.4938709982609262,3.842961258727677,1.0689712369441986,0.7226433445580152
29,2.001122568942264,0.49025743404154704,1.4086529278389996,3.493547436131951,0.8009507137132682,0.7586332411160877,1.980654262869598,0.5108101199330116,1.5118877982454642,3.8324013010920313,1.0366075931258347,0.7276529203975687
30,1.9816513402195937,0.4928971488835775,1.3893375916084523,3.460041718305592,0.7824058203519826,0.7640936009993439,1.870145851770988,0.5342777541802854,1.4581759413359117,3.786621876835823,1.0403471353644012,0.7312248197137093
31,1.9732824707970316,0.49640519022941587,1.3823754995604833,3.4510348322094138,0.7762643948295185,0.7648544156316595,1.9018709917539844,0.5257165025521298,1.4782551443254461,3.8210524765739637,1.04928667059115,0.7294821196605965
32,1.9611081345076111,0.4972804637915196,1.3709966393477024,3.433624186609715,0.7661223211225848,0.7684093724977005,1.8970900649226838,0.5281640000915041,1.4599058550711796,3.7732306607037174,1.0166734694753374,0.7345029984822079
33,1.9475624636956848,0.5003717079465185,1.3590078505697605,3.4154055915724006,0.7559131923989603,0.7717556103053187,1.9468445788797861,0.51426905519865,1.506224919261981,3.8670615938220707,1.0605819387375093,0.7246292157112336
34,1.9336112329683366,0.503838070529295,1.3490579209651155,3.4034976695246457,0.7499241304606264,0.7721393840579026,1.9566452581378626,0.5154333788740392,1.4889485945312344,3.805501107777868,1.0120013750742893,0.7335117897500797
35,1.9251937683092948,0.5048522763492242,1.3393959732754748,3.385463154811567,0.7391471848185266,0.7755260191287201,1.9366748360088164,0.516114212899792,1.4844594871711974,3.8156591078626865,1.0241831544291,0.7319865151157184
36,1.9154570190859572,0.5071585529612243,1.3288055983622695,3.3672343961519537,0.7282499123845633,0.7785019489033739,1.9457734727013674,0.5166554654569042,1.4885635637385504,3.8208398317171604,1.0230396587453325,0.7328436579217716
37,1.9049262305578987,0.5080268806779933,1.3206872345321288,3.355892074134209,0.7219212113897963,0.7808315229102871,1.8577931399575573,0.5355435215624011,1.4464471729805275,3.7885705365210165,1.027871151016683,0.7359725431355895
38,1.8919001095665362,0.5121879037934268,1.3104665642755038,3.341701498386375,0.7149749360147138,0.7819895770408914,1.8334683640668272,0.5435646296538869,1.4320900395615976,3.7710308907615895,1.0230648775672426,0.7380840029783395
39,1.8843043800516774,0.514570592151429,1.3022012795608988,3.3270659274554095,0.7060014501572699,0.7846557946904222,1.8751751865014223,0.5338860619104638,1.4538961424596455,3.799482138512086,1.0271653904099853,0.7359036263422091
40,1.871062222716584,0.5159043438455468,1.2913126494482778,3.3107517957165675,0.6980123277044401,0.787167156264349,1.8467105012240312,0.5401623477656015,1.4204809790521251,3.728728596378346,0.9868464230335489,0.7396439714881838
41,1.8688139616530104,0.5163280867773803,1.2876302482784447,3.3033280222368973,0.6921743099094742,0.7883656076320673,1.8876191515738159,0.5269604306439964,1.4631466349679596,3.81586014258375,1.0289945757358658,0.7348683045828829
42,1.8549741047477304,0.5195026910018086,1.2773093307305217,3.2886499354823675,0.6854826320834964,0.7902508120307254,1.9038390963432017,0.5232886289905528,1.466454635538617,3.8152792935541697,1.0234288383548966,0.7373018994142815
43,1.85189811880792,0.5183773393573594,1.2743196910006733,3.285416588898039,0.683108232983875,0.7909779623509496,1.882361121774627,0.5308787980687861,1.465396345696279,3.833878894900789,1.0401059651940452,0.7345037834115175
44,1.8444254853793254,0.5216839286508915,1.2666001038426122,3.273553947598981,0.6752841469886788,0.7925399888005247,1.9169958650346077,0.52706298181962,1.4756488752514123,3.83267065033864,1.026247766339049,0.7358321977750379
45,1.832499789148243,0.5244347889652919,1.2585156900877503,3.2632842290323203,0.6706801554045478,0.7935162553641154,1.8983685417088725,0.5259227155179393,1.4738332848831708,3.850418287226132,1.0424010804599646,0.7339037834472802
46,1.825913540174455,0.524469521791721,1.2507362187821702,3.2492086685982002,0.66182884898697,0.7953879940431541,1.8604872415856804,0.5355020576715469,1.4385872500246886,3.781374406074991,1.0065357095100442,0.7382679904085033
47,1.8147862018067675,0.5274287809558719,1.240955874434707,3.2336166930668204,0.6541917016913124,0.7989496838081327,1.8397428018793591,0.5387744052726395,1.4322896005535612,3.7866912455242505,1.0166474879961842,0.7364171270965313
48,1.8164380771065176,0.5272273284862026,1.2408593669761976,3.232771098848506,0.6512268425338378,0.7999932790480766,1.7752068299819006,0.553039201779025,1.3921325372566982,3.734860541545615,1.0021286509553997,0.74026437961447
49,1.801812488557995,0.5317217884621943,1.2291448674525423,3.2146366355194824,0.6431721003819868,0.8016899630068689,1.8269718664097219,0.542236667873908,1.4232136693669826,3.775025628741907,1.0098858936051933,0.7450953055431648
50,1.7943572515470976,0.5328957668931531,1.225342410581117,3.2123033959703844,0.6429380824451113,0.8031375306701243,1.797920503875488,0.549124159159709,1.415529443837246,3.787029951312104,1.0275979438430192,0.7406541755096037
51,1.7877867202529238,0.5343059298115694,1.2165275227840933,3.19493928174743,0.6323673846880769,0.8040599343030667,1.8514172477247273,0.5362091659867033,1.439947706369417,3.807659969991567,1.0214994970997986,0.7412378489442017
52,1.7854602192371627,0.5331388997170805,1.2145597783167983,3.1930415929798484,0.6305839322067194,0.8056758237615456,1.827552952222481,0.5458473787040127,1.4128596858643756,3.751310010866243,0.9908468313472611,0.7449048816926626
53,1.7840077780007795,0.5356883074574711,1.2135252306706534,3.1919135856419736,0.6289371930665991,0.8051573926301702,1.873871558397165,0.5313763689629886,1.4494879305082924,3.820156602504302,1.0207624300481106,0.7407370640446945
54,1.7762152898755064,0.5344865420584606,1.2053137334222606,3.1786945423359945,0.6213594256396888,0.8078842060571165,1.8800624880218968,0.5291798740588889,1.4504210895792562,3.814503227754515,1.012264134558488,0.7382367502219823
55,1.769617256659126,0.5377375590722984,1.2000349976562568,3.1711170725540727,0.6173776033540262,0.8092846435843203,1.7898641405238827,0.5508634402180205,1.4006739409535516,3.760602315917307,1.0051853246688842,0.7451654782234406
56,1.76018331076958,0.5378209184504703,1.1943448954390228,3.165298246867808,0.6150823993547219,0.8099646637684929,1.8344935767449924,0.5385911406229953,1.43423715155891,3.816830075310201,1.0271299347311866,0.7401846307966173
57,1.7640817714989576,0.5383210749803539,1.1917004606395112,3.155741631593433,0.6070798624592224,0.811620950490171,1.7902452286422466,0.5515301910955078,1.4045337432622909,3.770452280798737,1.009237092395218,0.7446025269226152
58,1.7502648087246935,0.5416207174633995,1.1861195232466484,3.152777295561275,0.6081730272498642,0.8106783482647568,1.8767062170006203,0.5339275265019767,1.4493633413862208,3.8194300433835204,1.0117620316324185,0.7404888693970076
59,1.7504167384600482,0.5408565902214343,1.1852078943336035,3.151595637052273,0.6068851680280865,0.8117286764818938,1.8277916811716288,0.5434413469239157,1.4197368831728794,3.782517920119422,1.0028128876254268,0.7436686180300859
60,1.7358147018587042,0.5435310367812735,1.1742386025985951,3.136017345077882,0.5998761799911962,0.8144083598771293,1.8414910179125077,0.5379517701414167,1.4139052640795708,3.7547752282668134,0.9791258565114469,0.746734708899138
61,1.7352708159703394,0.54419096533527,1.170144510843039,3.1254890515976452,0.5923572146070865,0.8156472084819618,1.8229345939217714,0.5415961883664131,1.4112191912173009,3.764612129625009,0.9908045691048004,0.7471059804625657
62,1.7291634063491153,0.5451495985885678,1.166960974308281,3.1232873544129554,0.5918980257581569,0.8158559275142995,1.858258000336174,0.5333044534337764,1.4343488262989084,3.80256195614046,1.003799903396137,0.746271914578214
63,1.724281634178412,0.5461499109570777,1.1638327717781067,3.12030805424997,0.5907796032123545,0.8159299891417605,1.8012898294229989,0.5458888429062707,1.4008503089462008,3.760042280036576,0.9938161791961412,0.7477171264229988
64,1.7304987434224435,0.5458234201896635,1.1674046401121945,3.1252172438790553,0.5912337656485435,0.8164551532503291,1.8282085356845899,0.5404537069821844,1.4115736251181485,3.765646137865222,0.9867657991319286,0.744448523792077
65,1.7207538594302254,0.5494426077904273,1.1585646784279486,3.110051574122723,0.5833188265888122,0.8182057001397698,1.8800566064321382,0.5310250311372231,1.4490758802501522,3.8239604148061908,1.0063344923653166,0.7422571581456126
66,1.7130927165175422,0.5500191770445074,1.1538094555262142,3.1056599797513864,0.5818382378284467,0.8196801992683495,1.812967139291023,0.5458484867142172,1.4043836807511292,3.759781005083298,0.9852504658957525,0.7456981312529165
67,1.7101811438733692,0.5486159596714462,1.1504747690987536,3.099425491149368,0.5782241075644086,0.8201313017494569,1.8022114587961209,0.5472386454222153,1.398677745184728,3.758607746214283,0.9891975002337475,0.747933609926579
68,1.7010978456659964,0.5512556741352416,1.145390034478394,3.0946793978793354,0.5770249427212667,0.8212489587212026,1.817545709046707,0.5430300276474077,1.3978660756586765,3.7376981233163757,0.9671471666024656,0.7500078641200553
69,1.6987120264729472,0.5524574388169095,1.1406400260309684,3.0845670843020048,0.5702741125349925,0.8227167249508447,1.7937879026311634,0.5481693746143458,1.388421451116703,3.7369756856207945,0.9750234754772819,0.7519885547398304
70,1.6928383895552654,0.5533535524452802,1.1367294257787959,3.0804336981909017,0.5682724544660268,0.8228513824861472,1.7341232393580674,0.5596157124042511,1.3547279980760447,3.6973838079121646,0.9673631445011314,0.75196720466261
71,1.6937283659398685,0.5537634026821646,1.136476114072737,3.0799291470901187,0.5666874142457411,0.8228513824861472,1.8314761464606522,0.5379899113640493,1.4286717005484566,3.8186579600961843,1.013122983964122,0.7480080212251264
72,1.6894586116010302,0.5540760006633316,1.133899989456786,3.07787574480086,0.5653691187990051,0.8237468545233395,1.839698213203702,0.5383653052826317,1.4237265635175365,3.7999494250599217,0.9975289228972124,0.7475752112038282
73,1.6751143812872389,0.5568060209897207,1.1249937110708892,3.067548493170373,0.5623299177874621,0.8253088809729144,1.7676804730268032,0.5535193653775721,1.3780237267537385,3.7392846723211055,0.9813391594153886,0.7492694026256094
74,1.6761455800131584,0.5577021342268136,1.123139934258075,3.0616437511318884,0.5576399133946233,0.8260562298856104,1.7857538383705138,0.5499730671400926,1.4020965162740677,3.7920556305549584,1.0096690878563999,0.7496923225376071
75,1.6719636780949598,0.5556459356189035,1.1187503027707273,3.0527950821089798,0.5527652143127809,0.8289042352064955,1.7742076305210919,0.5531624864145201,1.3972976743512007,3.7939113325050897,1.0142789819708893,0.7455197953137817
76,1.666772071303111,0.5591331370289008,1.1160630153879294,3.0523046857679437,0.5530335216149199,0.8284800641124567,1.7548554202425262,0.5568168784404287,1.3756691241233934,3.748504832513478,0.989993697501567,0.7493995439051365
77,1.6644927938344443,0.5600223038076572,1.1127165776895485,3.045419488798346,0.5488257692405379,0.8281703519873337,1.897625695975963,0.5275179803049078,1.462947836279261,3.8644353014546997,1.0174818356286506,0.7441767812651031
78,1.6542963402276487,0.5626967507196464,1.1085412284999239,3.043863560282167,0.5500550535627736,0.8282982765715284,1.7333644981254333,0.563535188384202,1.3591790113497753,3.7203266777311055,0.9763623131020945,0.7516051952650352
79,1.6599117816146667,0.5602793283352967,1.1103705016998024,3.045175057480059,0.5486086527484773,0.8290254268656674,1.7310116427397693,0.5630583500582345,1.3532395352751625,3.7071979153302252,0.9671765874995261,0.7544898104777141
80,1.657044862448778,0.5616061318103281,1.1088334327192744,3.044685064415963,0.5476382177037796,0.8291062212877253,1.765076384747497,0.5528548295862821,1.3824573444261843,3.7615912307938753,0.9917298359214043,0.7481196381729476
81,1.6465634830410163,0.5630579752003859,1.0996736397889302,3.0287847228853657,0.5404062654505152,0.8298737688189785,1.7689060260214233,0.5505776220255969,1.3798287783636123,3.751782595641759,0.9832206283917232,0.7474361217301719
82,1.6467872866916449,0.564099967792728,1.1000616663394402,3.031690948119049,0.5410205894082589,0.8306413164024019,1.7789750664562662,0.5504487979229615,1.3926352495161856,3.7814005156001267,0.9976571779476137,0.7511971890099195
83,1.6452207087948756,0.5635998111585037,1.0980584501176747,3.028136134408496,0.5385511768464186,0.8307423093647612,1.7888662219035496,0.5460328591757891,1.3919188803367468,3.769808845125899,0.9856277420186267,0.7473783509329873
84,1.6342244631091145,0.5660033406913932,1.0914903256773165,3.019842025748489,0.5360119350107807,0.8322370072423237,1.765450065969395,0.5537681502797166,1.3821620471465343,3.760540034128695,0.9866332557146646,0.7518695594564992
85,1.6367597622214052,0.5660519661736436,1.090921383509229,3.016804263576115,0.5327162593863985,0.8329506917125026,1.7659129482668643,0.5536841141374744,1.3755534367427533,3.746669051912366,0.9777603490991251,0.7536190099016744
86,1.6250318946671434,0.5681290045869689,1.0840598614784507,3.0084523226030546,0.5308721205337825,0.8335835819432198,1.7694467158065617,0.5538107238156454,1.378073108419472,3.75057924777391,0.9789509243283953,0.7549053521320528
87,1.6276655339046955,0.567434343858673,1.083394126923392,3.004406126740203,0.5267090368779536,0.8344049923268658,1.8230781521813715,0.5423251371821579,1.4147237728037396,3.8065644113555246,0.9973901083822153,0.750520423037057
88,1.625530573367029,0.567781674509758,1.0843727875590585,3.0098950102240565,0.5302513132731815,0.8342838005111828,1.7093415474200602,0.5661681658893215,1.3448596328764546,3.7142766853400637,0.9738554245124058,0.7538168120876867
89,1.6191836826128303,0.5693446626418007,1.0748429427000834,2.990447316597536,0.5186839043376743,0.8374347850843383,1.748075280799347,0.5573133408962464,1.3603703040480615,3.7222136676579107,0.9647578222769864,0.7569938920389633
90,1.6138177958567763,0.5702685623774122,1.0752229880451896,2.997778293183909,0.5248334293879356,0.835186005499483,1.7614428789846852,0.5556995612334232,1.3624495008454032,3.713720569467058,0.9534714023726327,0.7527830601869797
91,1.6117776123126173,0.5706853591639313,1.0722101373797694,2.991927042362205,0.5205467265922601,0.837030812661027,1.7887069813955243,0.5456607900274043,1.3927591507325368,3.7795969031149026,0.9873705946401674,0.7507092769510892
92,1.6137023376948985,0.5703310819501689,1.0719099833354908,2.989207756701914,0.517668787512268,0.8377646958280184,1.7778060261756516,0.5545755935518109,1.3926359698231123,3.78927347919649,0.9971997204830452,0.7505121027085246
93,1.6068612149559955,0.5710187968853006,1.06787514190966,2.9848879341484422,0.5166533999096121,0.8376367712177385,1.7531313030857745,0.5531713531783649,1.375524725643956,3.7662179476095705,0.9904984457577978,0.7523320398056994
94,1.604263552534241,0.5716231524553028,1.0654541430901125,2.981221744529006,0.5146950410348842,0.8393199895873372,1.79435737493254,0.5482348956100794,1.3903459287224984,3.7716108547984337,0.9805640430438275,0.7542811762672298
95,1.59853012692224,0.573700190646904,1.0608714380984234,2.9735527417331085,0.511416288121263,0.8391920648727167,1.772565377745358,0.552645292673184,1.3802728270413924,3.75739034432781,0.9765387333868718,0.7536783505574781
96,1.5958846768352082,0.5739572158527583,1.0582260793617049,2.9681622242249337,0.5083671759528717,0.8401683314102223,1.7886360741672838,0.5487106252251839,1.3900112857389815,3.7759103856646283,0.9847324763886174,0.7534978168162765
97,1.5842692518129913,0.5764718915623178,1.052163070740272,2.9628141863340884,0.5081041527459605,0.8403029888150989,1.8227907024319607,0.5421363306945683,1.423321175120923,3.8417347628291774,1.0156318505248245,0.7425365929798204
98,1.5880845501334193,0.5775694555996284,1.0525454002866599,2.961520109760944,0.5050666362047196,0.8402356601387458,1.7068663120530896,0.5658135021645195,1.3340914323700934,3.68903004241233,0.9512304154710503,0.7575543314881471
99,1.5836412109222662,0.578660075487141,1.0509333859909025,2.961149433770378,0.5057652974872151,0.8405588380356587,1.7681264962045586,0.5561097702809743,1.3773901198281318,3.7616844254853774,0.9790627411220755,0.7549164980503977
100,1.5780369870772246,0.5789657252622642,1.0467204699891923,2.9556455143692717,0.5030657803594936,0.8424373096658051,1.706876654276053,0.5676379280759364,1.3416996473098288,3.71468290985847,0.9669969770993505,0.7567620238430646
101,1.5809188154124587,0.5781321311023094,1.0469269702158037,2.95484324649335,0.5014493580198393,0.841326385592997,1.7049363093950687,0.5683679856803953,1.327954910112887,3.6788982491055315,0.9451215934351999,0.760760139774303
102,1.5739787658403426,0.5792227506898425,1.0409658403052282,2.9432940060513286,0.4960200860476859,0.84455816453604,1.704867000990195,0.567351003469253,1.3243754016227869,3.6667715307011894,0.9359386301594121,0.7598361209910743
103,1.5764512631512315,0.5795770275514548,1.0431356716208176,2.9484645056776717,0.4982317621128825,0.8432048572231434,1.7781802384964134,0.5491448911051361,1.4031102128819544,3.829685035985343,1.0201340247532542,0.7490155565647446
104,1.5715339327536735,0.5810983372204153,1.0396507181276118,2.942909938031787,0.4965224467625503,0.8439993361414653,1.7180237872228241,0.5663558631210911,1.3444457127883727,3.716227075328632,0.9648582590605531,0.7567846298071803
105,1.5706563038951198,0.5799868781796169,1.0379436380753633,2.9391998321274437,0.4936623906997935,0.844665890553848,1.7370428934891664,0.5579963922622252,1.3596809554562277,3.7432131340309067,0.9756660817308085,0.7555307837280691
106,1.5626485518605755,0.5822306349971362,1.034527746358116,2.937326373469647,0.4945766884988455,0.8446928220191722,1.7509250262919493,0.5554692922562969,1.373666937175758,3.768371266275036,0.9869377980764423,0.7523836881542693
107,1.5619257665045674,0.5812720016525402,1.032393883302384,2.9319639455306974,0.4911817417429104,0.8454940339929427,1.7749762749859357,0.5493936777589272,1.3955083870863427,3.8151857548562846,1.0114420461514775,0.7521004856593755
108,1.5595538276290477,0.582112542544726,1.0321789143122,2.9336658960880806,0.49295702424691074,0.8442821167230085,1.7809436174719107,0.5495399102045565,1.388488478826625,3.7870475445134297,0.9901949166202424,0.753821835635268
109,1.5537330224164465,0.5839950750119316,1.026250042461462,2.9220299741632307,0.48768732108876794,0.8463827731051121,1.7580846463529953,0.5558195207873169,1.3706068686131312,3.7548135257667425,0.9759623744800991,0.7549726989889631
110,1.5540641122365155,0.5834949189254961,1.0269475173898024,2.924003603369715,0.4879944325536816,0.8457229515134115,1.7149496642248003,0.5656235910568919,1.339138831485291,3.706304380480124,0.9577389590940913,0.7597334523152331
111,1.5471417571835757,0.584967601586223,1.0219565640654031,2.9167281881203015,0.4850142696558516,0.8462750472699004,1.742773017709591,0.5618133164473942,1.3527884839237954,3.715483809833624,0.9538311892541087,0.7590712858718268
112,1.5456235139583863,0.5852663067550575,1.0192340863090115,2.9103322267010645,0.48123342105935385,0.8472917111488609,1.6986034538177284,0.5656324559523135,1.3324733738339678,3.702152981446714,0.9597026582938067,0.756329841765214
113,1.5388603341918545,0.586593109369278,1.015937145298889,2.907965475516455,0.4815581685669834,0.8475206285910742,1.7023589723129229,0.5659804693582107,1.3345303816573353,3.7066411617142814,0.9614278074423878,0.7587574712117108
114,1.5383343152196454,0.5867181489060692,1.0143911857051975,2.904856767278792,0.4787677394026479,0.8489412647890053,1.726479665485335,0.5599681573060095,1.3423926978482275,3.697650887876141,0.9445971987174482,0.7628582558187903
115,1.5362998517649962,0.5885937345627883,1.0133446050681483,2.9030717571141684,0.4788759797876721,0.8489412648411757,1.6706808165112235,0.5762843244756971,1.312362612789991,3.6719338722715573,0.9491694146187938,0.7617144568288813
116,1.5402610004600341,0.585176000057738,1.0141141851047457,2.9015232689271087,0.47669878305961055,0.8495539562185692,1.7164828973635111,0.5622050085967901,1.3499168740772471,3.7359384665026956,0.9750898054388105,0.7563601401144144
117,1.5365708440346582,0.5875656362826767,1.0119899451080505,2.8993256737940682,0.476224081214982,0.8492644427641737,1.6964426628661857,0.5684475890811609,1.3201471723074816,3.6650630425749995,0.934793093945907,0.7650293702890678
118,1.5345045406917515,0.588565949081592,1.0094266383340114,2.893303253040272,0.4731247746187957,0.850126250411019,1.6838851352018662,0.5689877315260926,1.3168479528579176,3.670057902282598,0.9423894799482457,0.7626409873859007
119,1.5287596854391452,0.5881213649227008,1.0077515995476387,2.8942748420348052,0.4749110799258334,0.8501397162349793,1.7135085494507083,0.565563610653488,1.3336888291458695,3.6912674083855688,0.9457185619090285,0.76382089312405
120,1.5233289448124574,0.589288395969299,1.0029632589227522,2.8862639443879576,0.47123519266982045,0.8506446816989056,1.6790069301533426,0.5723211681173772,1.326502583053039,3.704491899882044,0.9660305722167297,0.7576369060515141
121,1.5290117773498435,0.5901497765234315,1.0053654713755884,2.888092440536299,0.470204728717877,0.8510553869168137,1.7606289912647544,0.5533272350576459,1.3721569199531662,3.76010199468963,0.9748109495062001,0.7574847867513189
122,1.5199750464385136,0.5923935336148451,1.0012592862419278,2.885533453338256,0.47091238964308274,0.8501801135764341,1.674657010822072,0.5751866312039142,1.3172042724812518,3.6836388562212186,0.9530299989185771,0.7631755242457195
123,1.522334452217987,0.5904068017814561,0.9984618643963102,2.87534986627441,0.46327666757665004,0.8536744745607189,1.6769593772320908,0.5720527569444812,1.3109472288519752,3.6591586964008758,0.9339023440340344,0.7634288994268495
124,1.5198236168865562,0.5922754412928608,0.9980881455690647,2.8777112565364042,0.4654353556213024,0.8534253582390967,1.686458551727184,0.5719087410642176,1.3217074552281778,3.6847591804971502,0.9489625880335059,0.7641847863519678
125,1.5152479197838113,0.5914140602822376,0.9977949996484969,2.8810069892808174,0.46899443187259743,0.8520787836164562,1.6795139328162492,0.5718913338500626,1.3171674245577685,3.6771619371710993,0.9465035299117468,0.7606686170168069
126,1.5117149565099888,0.5933730069213675,0.9936281170834598,2.871693765882329,0.46392796513027384,0.8549335217841084,1.656138763142335,0.5761436331320782,1.3051496153084599,3.6668763269453635,0.9476271872946195,0.765429370265226
127,1.5122332566154864,0.5930881956082726,0.9934217875843757,2.8714160136633944,0.4631446156381778,0.8525298861236489,1.747650539207587,0.5551790417116516,1.3531306504071976,3.719679516055146,0.9517403273472981,0.7590555872856354
128,1.5110618438971122,0.5933799534710023,0.9925113321654906,2.8703113401483917,0.4623171992974939,0.8539707208357963,1.6715013027987855,0.5753710033930077,1.313947235145739,3.681294402735574,0.9508284861044007,0.7645981301263887
129,1.5092711443191544,0.5942343869016259,0.9916310667209083,2.870530431380157,0.4624624656052767,0.8536542758117358,1.7638629676240056,0.5544337934973289,1.3839434076377324,3.794574238709041,0.9944407421393053,0.7548543316490797
130,1.505370829376663,0.593011782375415,0.9895812642391714,2.868555488628162,0.4627287044175605,0.8534792211958303,1.7085281897823428,0.5632230973389684,1.3434093072809734,3.731281042748568,0.9713333196329828,0.7583265449429045
131,1.5011157069738374,0.5954917248020548,0.98493271380076,2.8594976918702573,0.45769334747180895,0.856004048411121,1.726729568622059,0.564404828971746,1.363804783385627,3.7743084507329123,0.993389766796511,0.7561416157167785
132,1.5068582822509615,0.5940329352797251,0.9890149748299263,2.8657951498970684,0.4599728459341521,0.8550143161800811,1.6870240980619067,0.5697744428527598,1.329051752901199,3.7094229472364697,0.9632925519298534,0.7609292135475849
133,1.494587557399299,0.5969505135157437,0.9791930161889325,2.8493873836175094,0.4531667731196927,0.8567379316041975,1.6981176711117545,0.567992590399421,1.3256727812624707,3.687810918859073,0.9450565040233184,0.7636855713110797
134,1.4977817532009317,0.5952208061056533,0.982281608863263,2.8545243445840915,0.45512136526780783,0.8560242472122743,1.739865009056582,0.5606108545429852,1.3462418161934735,3.7083256671501665,0.9451895524628309,0.7634601396133706
135,1.495755706235147,0.5973534174116748,0.9802985094047479,2.851300703253214,0.4540073168029931,0.8561454387410203,1.7114098598512035,0.5647180262366119,1.3336770299107445,3.7002056172137356,0.9498384526651733,0.7637755242878077
136,1.4940713581162417,0.597659068399759,0.9812240900043846,2.856264256700645,0.45765668318751607,0.8554788844068932,1.6930919561015023,0.56935980168654,1.3233453655413219,3.68719196789362,0.9459533692726068,0.7654130438134378
137,1.4943613425647142,0.5968671542288699,0.9798798764038921,2.8514139983012328,0.45420929043506897,0.8564955482597685,1.6934683157318162,0.5693816406690344,1.3240535534839242,3.690258568656688,0.9487731379410442,0.764246952753286
138,1.4957263528387708,0.5954153116996231,0.978716055882577,2.847419558364401,0.4506774064226797,0.857687266676379,1.721952052524378,0.5613997815397321,1.3537225678198193,3.750049508133713,0.9781117147493119,0.759337219999761
139,1.4987011256311864,0.5952416461980056,0.9803906379956385,2.850054907537915,0.45076291838281785,0.8573304244673747,1.6929952892327187,0.5721171714870297,1.3331923492587343,3.717454073606705,0.9652942272607161,0.7632824316176833
140,1.4876915061499931,0.5985482351915581,0.9736223409681926,2.8418830163108444,0.4488410474500197,0.8580710404811334,1.6664450925144025,0.5761206838038503,1.3097441311715816,3.674350349966361,0.9450000845832484,0.7631130438726775
141,1.4879004147694461,0.5982217442154624,0.9738110488301033,2.842008226027374,0.4485862360350152,0.8579902460069051,1.7736602934592052,0.5514287471552285,1.3786880463240099,3.77321517162177,0.9746375045557412,0.7588208934220733
142,1.492062453967998,0.5963739449007506,0.9727296451249321,2.8361644286817222,0.44335816387796295,0.8591819645278563,1.7537942518936964,0.5545526465627612,1.358771498048184,3.733965449739476,0.954676691846884,0.7598683030927668
143,1.484568270630075,0.5991039643663285,0.971078078517246,2.838898553785662,0.44704560717686,0.8574044859383247,1.7588370392048505,0.5578731069649969,1.3594461669739413,3.7335805642969753,0.9527278859067936,0.7625695588965805
144,1.4805388471229854,0.6010420708478932,0.9695012840452549,2.8380256951246534,0.44737331169113287,0.8584211497912,1.7006023869021631,0.5672888079833012,1.3187782552430825,3.6672051603842757,0.9273301115169817,0.7648488365478662
145,1.4779850626670037,0.6006391665345991,0.965575627059853,2.8290815458777696,0.4423888216916007,0.8595994027490428,1.6842714544136934,0.570602619821928,1.3273042870766045,3.7080129386405556,0.959352328453137,0.7633962463675713
146,1.4721200009143587,0.6018965045393687,0.9628294214638892,2.8270007107398705,0.4431769488937745,0.8580710405072185,1.6769947516766022,0.5732563289999962,1.3054579174555079,3.6500727176277006,0.9234254432344923,0.7687304689695641
147,1.4837662210349702,0.5996874803004693,0.9677620750287429,2.8297635176510467,0.44106426357701256,0.861329750941671,1.6815355052066334,0.5682610003267016,1.3210000808755962,3.6922151877247558,0.9507140574820188,0.7628132008764209
148,1.4776441476016389,0.6017089451820115,0.9650507500709016,2.8264928766622064,0.44082287173693757,0.8602726900342779,1.7209604959193985,0.5626807390682551,1.3444189121212278,3.72637261541279,0.9610251384286248,0.7635885540484165
149,1.4741185965110228,0.6003682487903069,0.9635251660837386,2.8265663217924355,0.44194832926766875,0.8600370394844455,1.7768328597370942,0.5539328991174698,1.3897843091956206,3.8085663673220846,0.9974683748617464,0.7570504069492525
150,1.475452978684031,0.5999653443596296,0.9636948512732592,2.8258428547523216,0.440901333067558,0.8606026006475319,1.6918051761140795,0.5724674008744104,1.3264660604012255,3.702281903259608,0.9546526424890879,0.7653920076300903
151,1.4741045785941493,0.6013129882139502,0.9629557831021315,2.825604865744025,0.4406075681064531,0.8601514982185948,1.7069853318850368,0.5684901627338662,1.3345642652195326,3.710241723863446,0.952999749366118,0.7639378475911763
152,1.4659025889517703,0.6046265237180096,0.9575581831535573,2.817603437018864,0.4378626087040557,0.8607978538559093,1.668894558798918,0.5746868442503773,1.3042343540830272,3.6574630566835404,0.9315152078879123,0.7678913795376311
153,1.4675388473128854,0.6021743678811864,0.9584743609052779,2.818969496908543,0.43823817677518734,0.8603804159216599,1.7000455899427955,0.5690728765348999,1.326585948269586,3.694615482303561,0.9447426078860857,0.7664458537211224
154,1.469515492331799,0.6008684045767627,0.9567093934480679,2.81263613596526,0.4333113812774224,0.8629591062241101,1.649449256908563,0.5775478745954378,1.298493007171519,3.658468357494899,0.9377321900865253,0.7646166545359456
155,1.472393102901509,0.6018965036394299,0.9591622048968559,2.8165305015555617,0.4351122244768644,0.8616529289168393,1.6590578165950274,0.5762013969664671,1.313153637192079,3.6936931556073986,0.9577082508626032,0.7662981301029118
156,1.4616148115508667,0.6033900266403182,0.9547144066322293,2.8148302977664206,0.4372543609963987,0.8609123129291659,1.6694296085268012,0.5747893970572219,1.3054330370505245,3.659104662428097,0.9314697836819961,0.7688852570294118
157,1.4685009922970829,0.6037651436594956,0.9584270846400271,2.818749535162026,0.43774064753522496,0.8610469702036166,1.7108083648577868,0.5671011104790532,1.3292482768497904,3.693069689694716,0.9409160442735468,0.7640715995455275
158,1.4601552622323486,0.6033622389418812,0.9528762017089376,2.810382419915898,0.4349468827410652,0.8629995033829687,1.679826678445711,0.5696881904954813,1.3104700068916593,3.663271056094948,0.9303482471102354,0.7642645352476714
159,1.462203655279439,0.6027509376047998,0.9518131117852042,2.8047417113765323,0.43037729018757065,0.8623060175835173,1.7301133838157403,0.5595524077403302,1.347485320184912,3.7289277243370913,0.9590861810670823,0.7632339229863517
160,1.4638224852163368,0.6032441477806876,0.9530020729196411,2.8075933619192446,0.4314390694742912,0.8624878052027012,1.7102690973301968,0.5682413760411497,1.340084304465323,3.728304538383776,0.9642733847048818,0.7622171255587316
161,1.4589453206281433,0.6046890439298533,0.9515911524614046,2.8085289484562446,0.43358037816747796,0.8628513803628133,1.676086983981779,0.5747697720320857,1.3093312398365566,3.6655582096917287,0.9330569855783667,0.7644602966174787
162,1.4591709538413868,0.6045709512948468,0.9510582829982499,2.8066021771086644,0.43211271215059044,0.8627436543189201,1.6998564871132205,0.5669537697896665,1.3134657656605147,3.6561159559658596,0.9188814871949809,0.7673427139502399
163,1.4523111369990676,0.6076205159042283,0.9463524586783979,2.799239040934022,0.4290763166201193,0.8641979548289427,1.667231079032874,0.5771791285823803,1.3002013505070793,3.6500971251142267,0.9263675819787444,0.766870657463463
164,1.4503443803255094,0.6068424939196272,0.946023921580492,2.800592113115073,0.43072691915202194,0.8643191466707109,1.6668701867979865,0.5752269870845639,1.299443170355899,3.647988944133934,0.9250434931249034,0.7697227766027256
165,1.4532189165476375,0.6057449292693149,0.9464195896029733,2.799077737566157,0.42885432075749863,0.8644134066819623,1.7332621574081073,0.5599748071541591,1.3396137411168643,3.7028906714964887,0.9395415671765804,0.7689394171517723
166,1.4511367410225733,0.6069883732227058,0.9449017931908956,2.7969350598834013,0.42780877559138075,0.8640094343629916,1.714326505748153,0.5620173126142852,1.342619377755389,3.727356222150277,0.9597574103912528,0.765366889970035
167,1.4469502985607874,0.6063145514259713,0.9434550632272298,2.7971049071923386,0.42908241071247166,0.8647029202667837,1.6860108523703634,0.5750818624934372,1.3203897264806592,3.6938811569116554,0.9487020067152928,0.7654590405931279
168,1.4478991796203462,0.6080095260748456,0.9410627596748736,2.7894055700406466,0.4236085904701012,0.8652146188383291,1.705417860933071,0.5643644727796925,1.3314264738091401,3.703875492674964,0.9482225743793712,0.7664631221659329
169,1.4479339975496872,0.6058143952221526,0.9423539063601838,2.79337774157785,0.42641407581335605,0.8636391262778568,1.7184550189358778,0.5652548451569616,1.343821594295453,3.731679701865936,0.9629169852076744,0.7628894960053113
170,1.4487705712506234,0.6063076052676144,0.9422351476660964,2.7925676858138204,0.4254433208664867,0.8650597627105546,1.7527053926495615,0.5590329973186765,1.3625237048383878,3.7537969954305765,0.9661274252838018,0.7627887110819622
171,1.4398867083065359,0.6097878599453808,0.9384132573849785,2.7898966904020415,0.4260302125331609,0.8653290774942227,1.6768516441943482,0.5717647262738675,1.3100017275366247,3.672808736117519,0.9371007897580157,0.7668604533824386
172,1.4416247591669762,0.6083151765542688,0.9379399675769932,2.7870839302597212,0.42375249903102935,0.8656657210324995,1.6322581779290726,0.5821689172046525,1.2845154472616862,3.6386596222605023,0.9288019698420349,0.768457156583971
173,1.4413495477492753,0.6078497532160069,0.9381503345668968,2.7871039153710497,0.4238673004071092,0.8654637349512697,1.6854262045812853,0.571513724533879,1.3082161823578027,3.6583003926812387,0.9239129958098032,0.7704857278916301
174,1.4369887574235511,0.6089264789217149,0.9340215555165998,2.781294362654571,0.4211931765535989,0.8665948577208905,1.7512057516791015,0.5585987319836812,1.3622198830234762,3.752991221082454,0.9649020533257601,0.7629278005556185
175,1.4426225787179476,0.6085235750388265,0.9374089866028834,2.784889198132104,0.42190786677716335,0.866689117732142,1.696437003373792,0.5667890213411682,1.327619412086448,3.7012222154043157,0.9483259584453642,0.7649292133091664
176,1.4387603238844506,0.610114350360645,0.9362354740793909,2.7850841558736055,0.423404684532393,0.865726316940341,1.6897914182014862,0.5716829057238539,1.328810572328008,3.7155218822761458,0.9610337531171282,0.7634846294078291
177,1.44048422298494,0.6091001446189713,0.9376300571262184,2.7881274834764342,0.42391218978675244,0.8652617486874437,1.735988711769869,0.5607985511908726,1.3609676419466126,3.7659375089869207,0.9782347837698703,0.7634515053909652
178,1.4355037937800785,0.6098364851667792,0.9336164651866554,2.7811484728130784,0.4209300879446109,0.8666217890557888,1.6523272737258363,0.5781927860622503,1.288598280862886,3.633427792086893,0.9180326846102063,0.7691378472812321
179,1.429469617060029,0.6111980223420934,0.9302411446425273,2.7775262158600453,0.4203109661390275,0.865726317070767,1.6263131933421917,0.5846819349223253,1.2796819420742744,3.632808894972412,0.9257556170918504,0.7707945190820159
180,1.4307337395471869,0.6106283997941591,0.9300414805339254,2.7764321774831227,0.41897455127807887,0.8673556723532061,1.7052319367871553,0.5692779809808245,1.3390179345534772,3.732088616091378,0.9655038851755006,0.7623456969796395
181,1.4328859786236052,0.6103296954209225,0.9316838815384412,2.77933623086441,0.41993469548629725,0.8664938644715942,1.6883060247159922,0.5690902839436823,1.3140373266369714,3.676692780567675,0.9344996873718135,0.7661676747738099
182,1.4301192480573508,0.6127540637027774,0.9284779214493816,2.773142247335655,0.4166556619776156,0.867954897854469,1.6756996799480355,0.5776319109323074,1.312397433743185,3.683756156403191,0.9436389433705077,0.7684138284860825
183,1.42902126473984,0.6105380936185432,0.9294066202457937,2.776304056973113,0.41948465851647065,0.8676990488947611,1.6994854946934543,0.5657087350110619,1.3180656911000914,3.6757130593548015,0.929662797378034,0.7682039383887028
184,1.430917403186698,0.6109687837912687,0.9288913706460198,2.773044122908778,0.4164246520308749,0.8680356925373787,1.707064847877537,0.5691524813759083,1.3271938449697835,3.694543924499531,0.9402887430993878,0.7694788205733105
185,1.4286269239054206,0.6120177226202232,0.9267312785467903,2.7677142087948923,0.41460488589248196,0.868251144338228,1.7090331083484236,0.5683198712407326,1.3423236412363393,3.737681792699561,0.9682381772447606,0.765431254095569
186,1.4278089406192955,0.6128304765704424,0.9264313408791106,2.7686288171054496,0.4149984863511321,0.8690388904358678,1.715976330501178,0.562018420348362,1.3416044904905922,3.7280157033934884,0.9588589005926433,0.7621376907126027
187,1.4261485987992986,0.6132472735134725,0.9240519086432927,2.7634363706576224,0.4118631981003467,0.8696448491751756,1.6532998290246974,0.5775719315056899,1.2903542684237568,3.638854771611642,0.9201990893434505,0.7671223058779629
188,1.4277786583034424,0.6105519868743237,0.9270648866826648,2.7720064003566685,0.41667348936167536,0.8673220079367739,1.7236017762950067,0.5604242641536556,1.33759112036289,3.7093990928080616,0.9429100982321769,0.7623902809644232
189,1.4248297409886084,0.6109757302365626,0.9232061000569384,2.762863435473953,0.41114947989224343,0.8696717804839887,1.664418590199453,0.5783171789415029,1.2996352973732412,3.655262859925932,0.9272997040596543,0.7690742680071568
190,1.4270006420836667,0.6117815377023601,0.9245910406373523,2.765133292930653,0.4124394391115176,0.8694226642927925,1.6961955856297144,0.5692365178295544,1.3168363457249135,3.6740961728460935,0.9285554992501833,0.7692343935863096
191,1.418096250517363,0.6148102620237504,0.9209890715924604,2.763289389099021,0.4134593656013518,0.8678741033802408,1.7289904431898182,0.5662892331809414,1.34828215630687,3.7384316892550915,0.9613280031310052,0.768481018434982
192,1.4227193937259899,0.6120316157194926,0.9222323985538023,2.7626123746583966,0.4117691161596019,0.8699545611177023,1.7079435817482234,0.5656498631664685,1.3346290336202602,3.71740091985829,0.9538226630395773,0.763664849177307
193,1.4235882380859075,0.6120871892643184,0.9222955675824205,2.7620943920878402,0.41111536172730134,0.8708634991353659,1.678915734222462,0.5727794905572522,1.3157150282549614,3.6903286032384757,0.945574025449096,0.7666088050457897
194,1.420043669409512,0.6132542199978943,0.9196538475462331,2.7579697330357993,0.4092066527912862,0.8695573215672432,1.7352283867666776,0.5613353676589168,1.3457547016104265,3.723329025314779,0.948097802204137,0.7655794487492162
195,1.4198328086531657,0.6132681140623155,0.921114760102537,2.7626050042375696,0.4122958284955578,0.8696650477415623,1.6414874576688185,0.5799527992606163,1.2847095384135538,3.6337970038944363,0.9199845923106281,0.7720737969486081
196,1.416767061121876,0.6125803985011395,0.9176804816957637,2.7553736973643566,0.40824188505925024,0.8702777390667855,1.7052270155628377,0.5700591521433421,1.3311943863186302,3.7112335617153014,0.9507880359833338,0.7653957752907763
197,1.4168265740511454,0.6140114017858025,0.9170904789763937,2.7549395410967605,0.407921619152475,0.8703989309085537,1.7169752034284609,0.562267205289432,1.3281478283660753,3.689584939606336,0.9312850392436495,0.769703624327572
198,1.416199070671716,0.6156924819528926,0.9187060855932256,2.7588585749235923,0.4105256840945334,0.8700892187051752,1.6744979350801794,0.5745809674907704,1.3161996547537191,3.6968741511641716,0.9507951942797827,0.7643690877538555
199,1.4147026695099127,0.6152409523790723,0.9161243627316581,2.7529297947622755,0.40731788814980824,0.870385465162849,1.6799397511326841,0.5740212001764045,1.3119131105572595,3.678702769381659,0.9368545738616768,0.7688606102490911
